OwnerUserId,AvgNormalizedScore,TotalNormalizedScore,AvgRawScore,TotalRawScore,TotalAnswers,badges,DisplayName,Reputation,CreationDate,LastAccessDate,Views,UpVotes,DownVotes
6.0,0.7276,10.1861,12.3571,173,14,"['Teacher', 'Student', 'Editor', 'Cleanup', 'Organizer', 'Supporter', 'Critic', 'Citizen Patrol', 'Autobiographer', 'Scholar', 'Taxonomist', 'Strunk & White', 'Yearling', 'Yearling', 'Yearling', 'Yearling', 'Yearling', 'Yearling', 'Yearling', 'Enlightened', 'Enlightened', 'Enlightened', 'Enlightened', 'Nice Question', 'Nice Question', 'Nice Question', 'Nice Question', 'Good Question', 'Nice Answer', 'Nice Answer', 'Nice Answer', 'Nice Answer', 'Nice Answer', 'Nice Answer', 'Nice Answer', 'Nice Answer', 'Good Answer', 'Popular Question', 'Popular Question', 'Notable Question', 'Beta', 'Commentator', 'Mortarboard', 'Investor', 'Altruist', 'Tag Editor', 'Suffrage', 'Talkative', 'Quorum', 'Convention', 'Vox Populi', 'Synonymizer', 'Excavator', 'Caucus', 'Custodian', 'Custodian', 'Custodian', 'Custodian', 'Custodian', 'Custodian', 'Informed', 'Constable', 'Explainer']",Riker,2420,2017-01-31 19:07:26.043,2022-08-28 21:23:28.733,131,104,17
16.0,0.1889,0.5667,4.3333,13,3,"['Teacher', 'Editor', 'Supporter', 'Yearling', 'Nice Answer', 'Excavator']",mic,248,2017-01-31 19:09:02.657,2020-02-25 19:15:25.487,2,20,0
18.0,0.4667,0.4667,7.0,7,1,"['Teacher', 'Student', 'Supporter', 'Autobiographer']",RocketRuwan,99,2017-01-31 19:09:30.553,2021-09-17 17:19:34.800,3,4,0
20.0,0.3193,0.9578,8.0,24,3,"['Teacher', 'Student', 'Supporter', 'Critic', 'Yearling', 'Yearling', 'Enlightened', 'Nice Answer', 'Tag Editor', 'Quorum', 'Caucus', 'Constituent', 'Custodian', 'Custodian', 'Custodian']",Joe,418,2017-01-31 19:09:55.527,2021-11-28 21:08:45.967,8,15,1
21.0,0.5686,2.8428,13.4,67,5,"['Teacher', 'Student', 'Editor', 'Organizer', 'Supporter', 'Critic', 'Citizen Patrol', 'Autobiographer', 'Yearling', 'Yearling', 'Yearling', 'Yearling', 'Yearling', 'Yearling', 'Yearling', 'Enlightened', 'Enlightened', 'Nice Question', 'Nice Question', 'Nice Question', 'Nice Question', 'Good Question', 'Nice Answer', 'Nice Answer', 'Good Answer', 'Popular Question', 'Beta', 'Commentator', 'Peer Pressure', 'Mortarboard', 'Talkative', 'Precognitive', 'Quorum', 'Caucus', 'Caucus', 'Constituent', 'Custodian']",gerrit,1589,2017-01-31 19:09:58.223,2024-01-18 11:04:41.247,12,114,1
22.0,0.4836,7.7372,6.0,96,16,"['Teacher', 'Student', 'Editor', 'Supporter', 'Critic', 'Citizen Patrol', 'Yearling', 'Yearling', 'Yearling', 'Yearling', 'Yearling', 'Nice Answer', 'Nice Answer', 'Commentator', 'Talkative', 'Caucus', 'Custodian', 'Custodian', 'Custodian', 'Custodian', 'Custodian', 'Custodian']",David S,1172,2017-01-31 19:10:08.147,2023-12-15 14:17:41.880,13,69,9
26.0,0.3,0.3,6.0,6,1,['Teacher'],Franklin,61,2017-01-31 19:11:09.947,2017-01-31 20:19:34.140,0,0,0
30.0,0.3824,2.6767,4.4286,31,7,"['Teacher', 'Editor', 'Supporter', 'Yearling', 'Yearling', 'Revival', 'Precognitive', 'Caucus', 'Constituent']",Benjamin Kelley,441,2017-01-31 19:12:26.960,2024-01-12 04:17:50.633,5,12,0
33.0,0.4025,4.8295,5.1667,62,12,"['Teacher', 'Student', 'Editor', 'Supporter', 'Critic', 'Citizen Patrol', 'Autobiographer', 'Scholar', 'Yearling', 'Yearling', 'Yearling', 'Yearling', 'Yearling', 'Yearling', 'Self-Learner', 'Nice Question', 'Nice Question', 'Good Question', 'Nice Answer', 'Nice Answer', 'Nice Answer', 'Popular Question', 'Popular Question', 'Notable Question', 'Commentator', 'Peer Pressure', 'Revival', 'Caucus', 'Caucus', 'Constituent', 'Custodian', 'Custodian', 'Custodian', 'Custodian', 'Custodian']",Steve,1364,2017-01-31 19:14:35.353,2024-03-29 07:46:56.000,12,14,1
34.0,0.3846,0.3846,5.0,5,1,"['Teacher', 'Editor', 'Cleanup', 'Organizer', 'Supporter', 'Critic', 'Citizen Patrol', 'Autobiographer', 'Commentator', 'Quorum', 'Custodian', 'Custodian', 'Custodian']",Robert Cartaino,145,2017-01-31 19:14:35.373,2020-06-12 19:42:09.460,17,5,40
36.0,0.5866,25.2234,5.9535,256,43,"['Teacher', 'Student', 'Editor', 'Organizer', 'Supporter', 'Critic', 'Citizen Patrol', 'Autobiographer', 'Scholar', 'Yearling', 'Yearling', 'Yearling', 'Yearling', 'Yearling', 'Yearling', 'Yearling', 'Enlightened', 'Enlightened', 'Enlightened', 'Enlightened', 'Enlightened', 'Nice Question', 'Nice Question', 'Nice Question', 'Nice Answer', 'Nice Answer', 'Nice Answer', 'Nice Answer', 'Nice Answer', 'Nice Answer', 'Nice Answer', 'Nice Answer', 'Nice Answer', 'Nice Answer', 'Nice Answer', 'Beta', 'Commentator', 'Mortarboard', 'Investor', 'Altruist', 'Enthusiast', 'Fanatic', 'Suffrage', 'Revival', 'Revival', 'Quorum', 'Vox Populi', 'Excavator', 'Caucus', 'Caucus', 'Constituent', 'Constituent', 'Custodian', 'Custodian', 'Custodian', 'Custodian', 'Custodian', 'Custodian', 'Custodian', 'Custodian', 'Informed', 'Curious', 'Explainer']",Alexei,3691,2017-01-31 19:15:23.607,2024-03-25 09:32:56.290,37,283,8
42.0,0.25,0.25,1.0,1,1,"['Teacher', 'Organizer', 'Supporter', 'Critic', 'Citizen Patrol', 'Autobiographer', 'Precognitive', 'Quorum', 'Custodian']",Martin Tournoij,160,2017-01-31 19:17:51.100,2018-07-06 23:57:37.563,2,1,2
46.0,0.5048,2.0191,9.5,38,4,"['Teacher', 'Supporter', 'Critic', 'Autobiographer', 'Yearling', 'Yearling', 'Yearling', 'Enlightened', 'Nice Answer', 'Nice Answer', 'Nice Answer', 'Nice Answer', 'Precognitive', 'Informed']",user24601,606,2017-01-31 19:18:55.717,2017-04-06 20:41:14.930,2,3,1
47.0,0.5175,8.2807,8.625,138,16,"['Teacher', 'Student', 'Editor', 'Organizer', 'Supporter', 'Critic', 'Scholar', 'Yearling', 'Yearling', 'Yearling', 'Yearling', 'Yearling', 'Yearling', 'Yearling', 'Enlightened', 'Enlightened', 'Nice Question', 'Nice Question', 'Nice Question', 'Good Question', 'Nice Answer', 'Nice Answer', 'Nice Answer', 'Nice Answer', 'Nice Answer', 'Nice Answer', 'Good Answer', 'Popular Question', 'Notable Question', 'Beta', 'Commentator', 'Tag Editor', 'Precognitive', 'Quorum', 'Caucus', 'Caucus', 'Constituent', 'Constituent', 'Custodian', 'Custodian', 'Custodian', 'Custodian', 'Custodian', 'Informed', 'Curious']",Turion,2315,2017-01-31 19:19:23.530,2023-03-09 08:00:39.303,27,231,4
50.0,0.4286,0.4286,6.0,6,1,"['Teacher', 'Editor', 'Organizer', 'Supporter', 'Critic', 'Citizen Patrol', 'Autobiographer', 'Talkative', 'Precognitive', 'Quorum', 'Convention', 'Excavator', 'Caucus', 'Caucus', 'Constituent', 'Constituent', 'Custodian', 'Informed']",Mithical,166,2017-01-31 19:23:18.843,2024-02-22 17:15:44.793,9,20,9
52.0,0.3515,1.0544,8.3333,25,3,"['Teacher', 'Student', 'Editor', 'Organizer', 'Supporter', 'Critic', 'Autobiographer', 'Scholar', 'Yearling', 'Yearling', 'Yearling', 'Yearling', 'Yearling', 'Enlightened', 'Nice Question', 'Nice Question', 'Good Question', 'Nice Answer', 'Nice Answer', 'Popular Question', 'Notable Question', 'Beta', 'Commentator', 'Promoter', 'Benefactor', 'Enthusiast', 'Quorum', 'Caucus', 'Caucus', 'Constituent', 'Custodian', 'Custodian', 'Custodian', 'Informed']",I.G. Pascual,1076,2017-01-31 19:24:02.513,2024-03-25 09:35:14.343,4,74,1
53.0,0.6595,4.6168,11.8571,83,7,"['Teacher', 'Editor', 'Supporter', 'Autobiographer', 'Yearling', 'Yearling', 'Yearling', 'Yearling', 'Necromancer', 'Enlightened', 'Enlightened', 'Nice Answer', 'Nice Answer', 'Nice Answer', 'Good Answer', 'Beta', 'Revival', 'Custodian']",LennonR,969,2017-01-31 19:24:51.883,2019-10-06 14:03:17.073,3,20,0
54.0,0.0,0.0,0.0,0,1,"['Student', 'Editor', 'Supporter', 'Critic', 'Autobiographer', 'Scholar', 'Yearling', 'Yearling', 'Nice Question', 'Popular Question', 'Popular Question', 'Popular Question', 'Popular Question', 'Popular Question', 'Notable Question', 'Commentator', 'Peer Pressure', 'Caucus', 'Caucus', 'Constituent', 'Custodian', 'Custodian', 'Curious']",Petar Vasilev,547,2017-01-31 19:25:06.010,2022-11-18 12:31:16.667,9,51,1
55.0,0.2273,0.2273,5.0,5,1,"['Teacher', 'Autobiographer']",Florian,151,2017-01-31 19:27:57.457,2017-09-15 18:53:23.553,2,0,0
56.0,0.631,8.8339,6.9286,97,14,"['Teacher', 'Student', 'Editor', 'Cleanup', 'Organizer', 'Supporter', 'Critic', 'Citizen Patrol', 'Autobiographer', 'Scholar', 'Yearling', 'Yearling', 'Yearling', 'Yearling', 'Yearling', 'Yearling', 'Yearling', 'Enlightened', 'Nice Question', 'Nice Question', 'Nice Question', 'Nice Question', 'Nice Question', 'Nice Question', 'Nice Question', 'Nice Question', 'Nice Question', 'Nice Answer', 'Nice Answer', 'Nice Answer', 'Popular Question', 'Popular Question', 'Popular Question', 'Notable Question', 'Famous Question', 'Commentator', 'Civic Duty', 'Tag Editor', 'Suffrage', 'Quorum', 'Vox Populi', 'Excavator', 'Custodian', 'Custodian', 'Custodian', 'Custodian', 'Informed', 'Curious', 'Explainer']",nloewen,2853,2017-01-31 19:30:01.237,2021-12-30 03:38:23.390,32,410,19
57.0,0.4336,1.7342,21.75,87,4,"['Teacher', 'Student', 'Editor', 'Supporter', 'Critic', 'Autobiographer', 'Scholar', 'Yearling', 'Yearling', 'Yearling', 'Yearling', 'Yearling', 'Yearling', 'Yearling', 'Guru', 'Enlightened', 'Nice Question', 'Nice Question', 'Nice Question', 'Nice Question', 'Good Question', 'Nice Answer', 'Nice Answer', 'Good Answer', 'Good Answer', 'Popular Question', 'Notable Question', 'Beta', 'Mortarboard', 'Suffrage', 'Precognitive', 'Quorum', 'Caucus', 'Caucus', 'Custodian']",dsgriffin,1981,2017-01-31 19:32:16.947,2022-11-03 18:44:02.980,23,179,5
60.0,0.3825,2.2952,4.8333,29,6,"['Teacher', 'Student', 'Editor', 'Organizer', 'Supporter', 'Critic', 'Citizen Patrol', 'Autobiographer', 'Yearling', 'Yearling', 'Yearling', 'Yearling', 'Enlightened', 'Nice Question', 'Nice Question', 'Good Question', 'Nice Answer', 'Nice Answer', 'Popular Question', 'Commentator', 'Civic Duty', 'Investor', 'Altruist', 'Enthusiast', 'Tag Editor', 'Suffrage', 'Precognitive', 'Quorum', 'Vox Populi', 'Excavator', 'Caucus', 'Caucus', 'Constituent', 'Constituent', 'Custodian', 'Custodian', 'Custodian', 'Custodian', 'Custodian', 'Custodian', 'Custodian', 'Informed', 'Sheriff', 'Curious', 'Explainer']",Rand al'Thor,886,2017-01-31 19:37:06.610,2024-04-06 19:26:27.723,15,463,50
63.0,0.474,1.4219,13.0,39,3,"['Teacher', 'Student', 'Editor', 'Supporter', 'Critic', 'Autobiographer', 'Scholar', 'Yearling', 'Yearling', 'Yearling', 'Yearling', 'Yearling', 'Yearling', 'Yearling', 'Enlightened', 'Nice Question', 'Nice Question', 'Nice Question', 'Nice Question', 'Nice Question', 'Nice Question', 'Good Question', 'Good Question', 'Nice Answer', 'Nice Answer', 'Popular Question', 'Popular Question', 'Beta', 'Mortarboard', 'Custodian']",StackExchange What The Heck,1634,2017-01-31 19:42:12.793,2021-07-04 06:52:32.890,15,59,1
65.0,0.1456,0.2911,8.0,16,2,"['Teacher', 'Student', 'Editor', 'Supporter', 'Critic', 'Autobiographer', 'Scholar', 'Yearling', 'Nice Question', 'Nice Answer']",Dan,387,2017-01-31 19:42:28.930,2020-09-03 13:08:45.937,4,21,2
66.0,0.6764,5.4114,4.5,36,8,"['Teacher', 'Student', 'Editor', 'Supporter', 'Critic', 'Autobiographer', 'Scholar', 'Yearling', 'Yearling', 'Yearling', 'Enlightened', 'Nice Question', 'Nice Answer', 'Commentator']",Adam Miller,717,2017-01-31 19:43:13.623,2021-06-09 19:46:20.577,9,3,1
69.0,0.2891,2.8908,10.3,103,10,"['Teacher', 'Student', 'Editor', 'Organizer', 'Supporter', 'Critic', 'Citizen Patrol', 'Autobiographer', 'Yearling', 'Yearling', 'Yearling', 'Yearling', 'Yearling', 'Yearling', 'Yearling', 'Self-Learner', 'Enlightened', 'Enlightened', 'Nice Question', 'Nice Question', 'Nice Answer', 'Nice Answer', 'Nice Answer', 'Nice Answer', 'Good Answer', 'Beta', 'Commentator', 'Mortarboard', 'Quorum', 'Caucus', 'Custodian', 'Informed']",djechlin,1484,2017-01-31 19:52:07.930,2021-08-04 04:01:21.857,18,59,13
70.0,0.5979,7.1745,6.5,78,12,"['Teacher', 'Student', 'Editor', 'Cleanup', 'Organizer', 'Supporter', 'Critic', 'Citizen Patrol', 'Autobiographer', 'Scholar', 'Yearling', 'Yearling', 'Yearling', 'Yearling', 'Yearling', 'Yearling', 'Yearling', 'Enlightened', 'Nice Question', 'Nice Question', 'Nice Question', 'Nice Question', 'Nice Question', 'Nice Question', 'Good Question', 'Nice Answer', 'Nice Answer', 'Nice Answer', 'Nice Answer', 'Popular Question', 'Popular Question', 'Popular Question', 'Beta', 'Commentator', 'Civic Duty', 'Enthusiast', 'Tag Editor', 'Talkative', 'Precognitive', 'Quorum', 'Convention', 'Synonymizer', 'Excavator', 'Custodian', 'Custodian', 'Custodian', 'Custodian', 'Informed', 'Constable', 'Explainer']",Erica,2222,2017-01-31 19:54:11.480,2021-09-19 19:17:54.377,74,378,42
71.0,0.514,2.0561,8.0,32,4,"['Teacher', 'Supporter', 'Autobiographer', 'Yearling', 'Yearling', 'Enlightened', 'Nice Answer', 'Nice Answer']",LMGagne,451,2017-01-31 19:54:58.717,2018-01-08 14:30:55.183,2,6,0
74.0,0.6126,72.2908,7.7881,919,118,"['Teacher', 'Student', 'Editor', 'Cleanup', 'Organizer', 'Supporter', 'Critic', 'Citizen Patrol', 'Autobiographer', 'Scholar', 'Strunk & White', 'Yearling', 'Yearling', 'Yearling', 'Yearling', 'Yearling', 'Yearling', 'Yearling', 'Self-Learner', 'Necromancer', 'Enlightened', 'Enlightened', 'Enlightened', 'Enlightened', 'Enlightened', 'Enlightened', 'Enlightened', 'Enlightened', 'Enlightened', 'Enlightened', 'Enlightened', 'Enlightened', 'Enlightened', 'Enlightened', 'Enlightened', 'Enlightened', 'Nice Question', 'Nice Question', 'Nice Question', 'Nice Question', 'Nice Question', 'Nice Question', 'Nice Question', 'Nice Question', 'Nice Question', 'Nice Question', 'Nice Answer', 'Nice Answer', 'Nice Answer', 'Nice Answer', 'Nice Answer', 'Nice Answer', 'Nice Answer', 'Nice Answer', 'Nice Answer', 'Nice Answer', 'Nice Answer', 'Nice Answer', 'Nice Answer', 'Nice Answer', 'Nice Answer', 'Nice Answer', 'Nice Answer', 'Nice Answer', 'Nice Answer', 'Nice Answer', 'Nice Answer', 'Nice Answer', 'Nice Answer', 'Nice Answer', 'Nice Answer', 'Nice Answer', 'Nice Answer', 'Nice Answer', 'Nice Answer', 'Good Answer', 'Good Answer', 'Good Answer', 'Popular Question', 'Popular Question', 'Popular Question', 'Notable Question', 'Beta', 'Commentator', 'Civic Duty', 'Mortarboard', 'Investor', 'Altruist', 'Enthusiast', 'Fanatic', 'Pundit', 'Tag Editor', 'Sportsmanship', 'Revival', 'Talkative', 'Quorum', 'Convention', 'Outspoken', 'Deputy', 'Synonymizer', 'Proofreader', 'Excavator', 'Caucus', 'Caucus', 'Constituent', 'Custodian', 'Custodian', 'Custodian', 'Custodian', 'Custodian', 'Custodian', 'Custodian', 'Custodian', 'Informed', 'Constable', 'Curious', 'Explainer', 'veganism']",Zanna,11880,2017-01-31 20:04:56.547,2024-03-31 04:36:19.287,284,761,81
76.0,0.349,2.792,7.125,57,8,"['Teacher', 'Student', 'Editor', 'Supporter', 'Critic', 'Autobiographer', 'Scholar', 'Yearling', 'Yearling', 'Yearling', 'Yearling', 'Yearling', 'Yearling', 'Yearling', 'Enlightened', 'Nice Question', 'Nice Question', 'Nice Answer', 'Nice Answer', 'Popular Question', 'Notable Question', 'Famous Question', 'Beta', 'Commentator', 'Enthusiast', 'Precognitive', 'Quorum', 'Caucus', 'Custodian', 'Custodian', 'Custodian']",C_Z_,1425,2017-01-31 20:11:19.157,2021-10-21 02:32:08.623,7,106,14
77.0,0.523,3.661,4.7143,33,7,"['Teacher', 'Student', 'Editor', 'Organizer', 'Supporter', 'Critic', 'Citizen Patrol', 'Autobiographer', 'Scholar', 'Taxonomist', 'Yearling', 'Yearling', 'Yearling', 'Yearling', 'Yearling', 'Yearling', 'Yearling', 'Self-Learner', 'Nice Question', 'Nice Question', 'Nice Question', 'Nice Question', 'Nice Question', 'Nice Question', 'Nice Question', 'Nice Question', 'Nice Question', 'Nice Question', 'Nice Question', 'Nice Question', 'Nice Question', 'Popular Question', 'Popular Question', 'Popular Question', 'Popular Question', 'Notable Question', 'Beta', 'Commentator', 'Enthusiast', 'Tag Editor', 'Suffrage', 'Talkative', 'Quorum', 'Convention', 'Vox Populi', 'Custodian', 'Custodian', 'Custodian', 'Custodian', 'Informed', 'Constable', 'Curious']",Niitaku,2491,2017-01-31 20:12:42.780,2022-06-07 08:22:50.077,42,233,3
85.0,0.1364,0.1364,3.0,3,1,"['Teacher', 'Student', 'Supporter', 'Autobiographer', 'Caucus', 'Caucus', 'Constituent', 'Constituent', 'Custodian']",adarsh,181,2017-01-31 20:33:48.807,2022-08-23 13:45:49.937,3,1,0
87.0,1.0,1.0,8.0,8,1,"['Teacher', 'Supporter', 'Autobiographer', 'Precognitive']",Kess Vargavind,181,2017-01-31 20:36:11.100,2019-05-12 12:45:19.680,4,6,0
88.0,0.5417,0.5417,13.0,13,1,"['Teacher', 'Editor', 'Supporter', 'Autobiographer', 'Yearling', 'Nice Answer', 'Precognitive']",Bob Tway,239,2017-01-31 20:40:39.430,2022-08-17 17:45:15.217,3,3,0
89.0,0.7122,2.8487,9.5,38,4,"['Teacher', 'Student', 'Editor', 'Organizer', 'Supporter', 'Critic', 'Citizen Patrol', 'Autobiographer', 'Yearling', 'Yearling', 'Yearling', 'Yearling', 'Yearling', 'Yearling', 'Enlightened', 'Nice Question', 'Nice Question', 'Nice Answer', 'Nice Answer', 'Popular Question', 'Notable Question', 'Commentator', 'Tumbleweed', 'Tag Editor', 'Precognitive', 'Caucus', 'Caucus', 'Curious']",unor,1249,2017-01-31 20:48:09.177,2024-04-06 11:31:08.530,7,143,23
90.0,1.0,1.0,3.0,3,1,"['Teacher', 'Supporter', 'Critic', 'Citizen Patrol', 'Autobiographer']",Aurora0001,131,2017-01-31 20:49:07.767,2019-09-28 12:06:49.537,0,3,5
92.0,0.4087,1.6349,10.0,40,4,"['Teacher', 'Student', 'Editor', 'Supporter', 'Scholar', 'Yearling', 'Yearling', 'Yearling', 'Yearling', 'Enlightened', 'Nice Question', 'Nice Question', 'Good Question', 'Nice Answer', 'Nice Answer', 'Nice Answer', 'Popular Question', 'Notable Question', 'Famous Question', 'Beta']",Den,976,2017-01-31 20:55:00.097,2021-09-22 16:10:52.963,13,31,0
97.0,0.566,16.4128,6.9655,202,29,"['Teacher', 'Student', 'Editor', 'Cleanup', 'Organizer', 'Supporter', 'Critic', 'Citizen Patrol', 'Autobiographer', 'Scholar', 'Yearling', 'Yearling', 'Yearling', 'Yearling', 'Yearling', 'Yearling', 'Yearling', 'Enlightened', 'Nice Question', 'Nice Question', 'Nice Answer', 'Nice Answer', 'Nice Answer', 'Nice Answer', 'Nice Answer', 'Good Answer', 'Good Answer', 'Popular Question', 'Beta', 'Commentator', 'Mortarboard', 'Enthusiast', 'Tag Editor', 'Talkative', 'Quorum', 'Convention', 'Synonymizer', 'Excavator', 'Caucus', 'Caucus', 'Constituent', 'Constituent', 'Custodian', 'Custodian', 'Custodian', 'Custodian', 'Custodian', 'Custodian', 'Custodian', 'Custodian', 'Informed', 'Constable', 'Explainer']",Robert Longson,2440,2017-01-31 21:13:48.893,2024-04-06 16:11:13.750,41,59,5
106.0,0.3258,3.5833,3.3636,37,11,"['Teacher', 'Student', 'Editor', 'Supporter', 'Scholar', 'Yearling', 'Yearling', 'Yearling', 'Nice Question', 'Popular Question', 'Beta', 'Commentator', 'Peer Pressure', 'Precognitive', 'Quorum', 'Custodian', 'Custodian']",ecc,721,2017-01-31 22:10:37.630,2020-11-09 14:34:55.970,8,40,0
107.0,0.2564,1.5383,4.0,24,6,"['Teacher', 'Supporter', 'Autobiographer', 'Yearling', 'Nice Answer', 'Enthusiast', 'Precognitive', 'Custodian']",Darrin Thomas,354,2017-01-31 22:13:24.333,2019-06-25 13:53:48.743,10,2,0
110.0,0.75,0.75,3.0,3,1,"['Teacher', 'Supporter', 'Citizen Patrol', 'Precognitive']",Daveoc64,131,2017-01-31 22:43:47.570,2022-06-23 13:59:02.577,2,11,0
115.0,0.5476,11.499,6.3333,133,21,"['Teacher', 'Student', 'Editor', 'Organizer', 'Supporter', 'Critic', 'Scholar', 'Yearling', 'Yearling', 'Yearling', 'Yearling', 'Yearling', 'Yearling', 'Yearling', 'Self-Learner', 'Enlightened', 'Nice Question', 'Nice Question', 'Nice Question', 'Nice Question', 'Nice Question', 'Nice Question', 'Nice Question', 'Nice Question', 'Nice Question', 'Nice Question', 'Nice Question', 'Nice Question', 'Nice Question', 'Nice Question', 'Nice Question', 'Nice Question', 'Nice Question', 'Nice Question', 'Nice Question', 'Nice Question', 'Nice Question', 'Nice Question', 'Good Question', 'Nice Answer', 'Nice Answer', 'Nice Answer', 'Nice Answer', 'Popular Question', 'Popular Question', 'Popular Question', 'Popular Question', 'Notable Question', 'Notable Question', 'Beta', 'Commentator', 'Mortarboard', 'Investor', 'Promoter', 'Benefactor', 'Enthusiast', 'Tag Editor', 'Precognitive', 'Quorum', 'Custodian', 'Custodian', 'Custodian', 'Custodian', 'Informed', 'Curious', 'Explainer']",Attilio,5789,2017-01-31 23:50:30.220,2021-06-12 16:02:02.620,50,122,7
117.0,0.5455,3.8184,9.8571,69,7,"['Teacher', 'Student', 'Editor', 'Supporter', 'Autobiographer', 'Scholar', 'Yearling', 'Yearling', 'Yearling', 'Yearling', 'Yearling', 'Nice Question', 'Nice Answer', 'Nice Answer', 'Nice Answer', 'Nice Answer', 'Beta', 'Commentator', 'Custodian']",WetlabStudent,1095,2017-01-31 23:56:39.517,2022-08-16 08:03:37.717,9,38,0
122.0,0.5278,1.0556,5.0,10,2,"['Teacher', 'Editor', 'Supporter', 'Autobiographer', 'Yearling', 'Custodian', 'Custodian']",drat,218,2017-02-01 00:43:19.873,2018-02-01 01:27:03.530,7,28,0
123.0,0.1635,0.3269,4.5,9,2,"['Teacher', 'Student', 'Supporter']",Ed W,181,2017-02-01 01:05:24.967,2018-03-02 03:55:11.553,2,2,0
124.0,0.6607,1.3214,5.0,10,2,"['Teacher', 'Student', 'Editor', 'Supporter', 'Critic', 'Autobiographer', 'Scholar', 'Yearling', 'Commentator', 'Precognitive', 'Quorum', 'Caucus', 'Caucus', 'Constituent']",Azor Ahai -him-,258,2017-02-01 01:22:24.880,2024-01-22 03:40:55.030,5,12,1
125.0,0.3004,2.4033,3.125,25,8,"['Teacher', 'Student', 'Editor', 'Supporter', 'Critic', 'Autobiographer', 'Scholar', 'Yearling', 'Yearling', 'Yearling', 'Self-Learner', 'Nice Question', 'Beta', 'Commentator', 'Mortarboard', 'Precognitive', 'Custodian']",CoffeDeveloper,637,2017-02-01 01:38:35.723,2019-11-30 08:15:30.730,8,11,5
128.0,0.5239,2.0954,19.5,78,4,"['Teacher', 'Student', 'Editor', 'Organizer', 'Supporter', 'Critic', 'Citizen Patrol', 'Autobiographer', 'Yearling', 'Yearling', 'Yearling', 'Yearling', 'Necromancer', 'Enlightened', 'Nice Answer', 'Nice Answer', 'Nice Answer', 'Nice Answer', 'Good Answer', 'Popular Question', 'Beta', 'Commentator', 'Tag Editor', 'Talkative', 'Quorum', 'Excavator', 'Custodian', 'Custodian', 'Custodian', 'Custodian', 'Informed']",Nog Shine,977,2017-02-01 02:16:00.650,2019-12-22 06:09:48.710,31,40,11
141.0,0.2,0.2,3.0,3,1,"['Teacher', 'Supporter', 'Critic', 'Citizen Patrol', 'Autobiographer', 'Informed']",Richard Telford,147,2017-02-01 07:12:54.290,2017-10-04 14:58:13.637,3,12,1
146.0,0.5566,1.6699,6.0,18,3,"['Teacher', 'Supporter', 'Yearling', 'Nice Answer', 'Quorum', 'Informed']",Christian,328,2017-02-01 08:10:01.147,2020-10-05 07:18:17.110,2,1,0
154.0,0.5724,9.731,7.5882,129,17,"['Teacher', 'Student', 'Editor', 'Cleanup', 'Supporter', 'Critic', 'Citizen Patrol', 'Autobiographer', 'Scholar', 'Yearling', 'Yearling', 'Yearling', 'Yearling', 'Yearling', 'Yearling', 'Yearling', 'Enlightened', 'Nice Question', 'Nice Question', 'Nice Answer', 'Nice Answer', 'Nice Answer', 'Nice Answer', 'Nice Answer', 'Beta', 'Commentator', 'Civic Duty', 'Mortarboard', 'Enthusiast', 'Fanatic', 'Suffrage', 'Talkative', 'Quorum', 'Vox Populi', 'Caucus', 'Constituent', 'Custodian', 'Custodian', 'Custodian', 'Custodian', 'Custodian', 'Custodian', 'Informed']",Ramon Melo,1902,2017-02-01 10:20:26.413,2021-11-26 03:08:16.363,24,385,25
156.0,0.4335,1.7341,16.25,65,4,"['Teacher', 'Editor', 'Supporter', 'Autobiographer', 'Yearling', 'Yearling', 'Yearling', 'Nice Answer', 'Nice Answer', 'Nice Answer', 'Nice Answer', 'Good Answer']",sandwich_messiah,761,2017-02-01 10:24:24.907,2020-07-28 11:54:23.587,3,11,0
159.0,0.2639,5.5411,4.4762,94,21,"['Teacher', 'Student', 'Editor', 'Cleanup', 'Supporter', 'Critic', 'Citizen Patrol', 'Autobiographer', 'Scholar', 'Yearling', 'Yearling', 'Yearling', 'Yearling', 'Yearling', 'Yearling', 'Yearling', 'Necromancer', 'Nice Question', 'Nice Question', 'Beta', 'Commentator', 'Tag Editor', 'Revival', 'Quorum', 'Custodian', 'Custodian', 'Informed', 'Explainer']",Tom Kelly,1542,2017-02-01 11:45:15.087,2023-06-01 07:44:24.180,25,16,15
162.0,0.0556,0.0556,1.0,1,1,"['Teacher', 'Student', 'Editor', 'Supporter', 'Critic', 'Autobiographer', 'Yearling', 'Yearling', 'Yearling', 'Nice Question', 'Nice Question', 'Nice Question', 'Good Question', 'Popular Question', 'Notable Question', 'Commentator', 'Precognitive', 'Custodian', 'Custodian', 'Informed']",Amit Saxena,639,2017-02-01 12:57:21.673,2021-06-02 11:12:21.797,7,8,1
164.0,0.5973,28.0744,5.9787,281,47,"['Teacher', 'Student', 'Editor', 'Cleanup', 'Organizer', 'Supporter', 'Critic', 'Citizen Patrol', 'Autobiographer', 'Scholar', 'Strunk & White', 'Yearling', 'Yearling', 'Yearling', 'Yearling', 'Yearling', 'Yearling', 'Yearling', 'Enlightened', 'Enlightened', 'Enlightened', 'Enlightened', 'Nice Question', 'Nice Question', 'Nice Question', 'Nice Question', 'Nice Question', 'Nice Question', 'Nice Question', 'Nice Question', 'Nice Question', 'Nice Question', 'Nice Question', 'Good Question', 'Nice Answer', 'Nice Answer', 'Nice Answer', 'Nice Answer', 'Nice Answer', 'Nice Answer', 'Nice Answer', 'Popular Question', 'Popular Question', 'Popular Question', 'Notable Question', 'Notable Question', 'Beta', 'Commentator', 'Civic Duty', 'Disciplined', 'Peer Pressure', 'Mortarboard', 'Investor', 'Promoter', 'Benefactor', 'Altruist', 'Enthusiast', 'Fanatic', 'Tag Editor', 'Suffrage', 'Revival', 'Talkative', 'Quorum', 'Convention', 'Vox Populi', 'Proofreader', 'Excavator', 'Reviewer', 'Caucus', 'Caucus', 'Constituent', 'Constituent', 'Custodian', 'Custodian', 'Custodian', 'Custodian', 'Custodian', 'Custodian', 'Custodian', 'Custodian', 'Informed', 'Curious', 'Explainer', 'veganism']",Alexander Rossa,6119,2017-02-01 13:29:20.463,2024-01-02 12:31:49.263,76,701,68
176.0,0.9474,0.9474,18.0,18,1,"['Teacher', 'Editor', 'Supporter', 'Autobiographer', 'Yearling', 'Nice Answer', 'Precognitive', 'Custodian', 'Custodian']",wythagoras,283,2017-02-01 16:28:23.527,2017-09-02 19:28:40.677,5,11,0
178.0,0.4167,0.8333,3.0,6,2,"['Teacher', 'Organizer', 'Supporter', 'Commentator']",GabrielF,173,2017-02-01 16:52:23.653,2023-04-27 21:29:20.423,3,16,0
184.0,0.5227,4.7039,5.2222,47,9,"['Teacher', 'Student', 'Editor', 'Supporter', 'Critic', 'Scholar', 'Yearling', 'Yearling', 'Yearling', 'Yearling', 'Yearling', 'Necromancer', 'Necromancer', 'Necromancer', 'Nice Question', 'Nice Answer', 'Popular Question', 'Popular Question', 'Revival', 'Revival', 'Revival', 'Revival', 'Precognitive', 'Custodian', 'Curious']",cellu,1186,2017-02-01 19:58:30.377,2017-06-10 21:58:21.033,3,9,2
186.0,1.0,1.0,4.0,4,1,"['Teacher', 'Student', 'Supporter', 'Autobiographer', 'Scholar', 'Nice Question', 'Quorum']",Sebastian,143,2017-02-01 20:46:30.917,2017-03-03 16:32:16.683,0,2,0
187.0,0.5347,5.3474,6.7,67,10,"['Teacher', 'Student', 'Editor', 'Supporter', 'Critic', 'Citizen Patrol', 'Autobiographer', 'Scholar', 'Yearling', 'Yearling', 'Yearling', 'Yearling', 'Yearling', 'Yearling', 'Yearling', 'Self-Learner', 'Nice Question', 'Nice Question', 'Nice Question', 'Good Question', 'Nice Answer', 'Nice Answer', 'Popular Question', 'Popular Question', 'Popular Question', 'Notable Question', 'Notable Question', 'Notable Question', 'Commentator', 'Mortarboard', 'Suffrage', 'Precognitive', 'Vox Populi', 'Caucus', 'Constituent', 'Custodian', 'Custodian', 'Custodian', 'Custodian', 'Custodian', 'Custodian', 'Informed']",S -,1844,2017-02-01 21:31:41.133,2023-06-02 11:53:00.227,31,127,2
188.0,0.2298,0.6893,2.6667,8,3,"['Teacher', 'Student', 'Editor', 'Supporter', 'Autobiographer', 'Scholar', 'Yearling', 'Yearling', 'Yearling', 'Nice Question', 'Nice Question', 'Nice Question', 'Beta', 'Precognitive', 'Quorum', 'Caucus']",Charlotte SL,625,2017-02-01 23:05:44.700,2021-07-27 13:21:04.583,7,21,0
190.0,1.0,1.0,5.0,5,1,"['Teacher', 'Student', 'Editor', 'Supporter', 'Autobiographer', 'Scholar', 'Informed']",atoms118,98,2017-02-02 01:03:44.650,2018-04-05 22:44:48.310,1,6,0
191.0,0.7407,2.2222,9.3333,28,3,"['Teacher', 'Supporter', 'Autobiographer', 'Yearling', 'Yearling', 'Enlightened', 'Nice Answer', 'Precognitive', 'Caucus', 'Custodian']",Ezequiel Tolnay,419,2017-02-02 06:36:59.550,2022-09-19 00:59:09.363,8,3,0
195.0,0.5,0.5,9.0,9,1,"['Teacher', 'Editor', 'Supporter', 'Critic', 'Informed']",ShanMag,89,2017-02-02 14:21:30.810,2017-02-20 10:30:31.453,3,3,3
207.0,0.7396,11.0937,8.4667,127,15,"['Teacher', 'Student', 'Editor', 'Supporter', 'Critic', 'Scholar', 'Yearling', 'Yearling', 'Yearling', 'Yearling', 'Yearling', 'Yearling', 'Yearling', 'Self-Learner', 'Enlightened', 'Nice Question', 'Nice Question', 'Nice Question', 'Nice Question', 'Nice Question', 'Nice Question', 'Nice Question', 'Nice Answer', 'Nice Answer', 'Nice Answer', 'Nice Answer', 'Nice Answer', 'Nice Answer', 'Nice Answer', 'Popular Question', 'Popular Question', 'Popular Question', 'Notable Question', 'Notable Question', 'Beta', 'Commentator', 'Mortarboard', 'Enthusiast', 'Announcer', 'Booster', 'Precognitive', 'Quorum', 'Caucus', 'Caucus', 'Custodian', 'Curious']",Alex Hall,2424,2017-02-03 11:14:48.037,2022-12-27 20:13:11.000,17,36,4
209.0,0.3188,0.6375,5.5,11,2,"['Teacher', 'Student', 'Editor', 'Supporter', 'Critic', 'Citizen Patrol', 'Autobiographer', 'Scholar', 'Yearling', 'Caucus', 'Caucus', 'Constituent', 'Informed']",Fabby,282,2017-02-03 20:52:24.393,2022-08-23 15:05:23.027,5,13,1
213.0,0.0225,0.0225,2.0,2,1,"['Teacher', 'Autobiographer']",Aravind.HU,129,2017-02-04 04:55:20.607,2022-07-26 06:27:50.013,2,0,0
220.0,1.0,1.0,2.0,2,1,"['Teacher', 'Supporter', 'Autobiographer', 'Precognitive']",Rotem,136,2017-02-04 12:56:40.323,2021-06-12 10:38:12.793,1,8,0
232.0,1.0,1.0,5.0,5,1,"['Teacher', 'Supporter', 'Autobiographer']",C. Claus,51,2017-02-06 10:17:13.887,2020-11-17 09:43:08.553,0,2,0
233.0,0.0196,0.0196,2.0,2,1,"['Teacher', 'Editor', 'Supporter', 'Autobiographer']",ccpizza,129,2017-02-06 10:37:12.433,2022-12-26 10:34:14.680,3,4,0
234.0,0.2222,0.2222,6.0,6,1,"['Teacher', 'Student', 'Editor', 'Supporter', 'Commentator']",amagnasco,105,2017-02-06 15:50:33.843,2022-01-04 12:20:42.113,3,36,0
252.0,0.3987,2.7912,5.2857,37,7,"['Teacher', 'Student', 'Editor', 'Supporter', 'Critic', 'Autobiographer', 'Scholar', 'Yearling', 'Yearling', 'Yearling', 'Enlightened', 'Nice Question', 'Nice Answer', 'Beta', 'Commentator', 'Peer Pressure', 'Quorum', 'Custodian', 'Custodian', 'Custodian', 'Custodian', 'Informed']",neophyte,695,2017-02-09 01:04:46.100,2020-10-07 14:04:08.003,5,42,2
257.0,0.7143,0.7143,10.0,10,1,"['Teacher', 'Student', 'Editor', 'Supporter', 'Yearling', 'Nice Question', 'Nice Answer']",Ada Lovelace,331,2017-02-11 03:14:06.243,2017-07-23 01:18:13.987,2,11,0
290.0,0.2,0.2,1.0,1,1,"['Teacher', 'Student', 'Supporter', 'Autobiographer', 'Yearling', 'Nice Question', 'Custodian']",nobe4,259,2017-02-22 18:48:23.977,2023-05-26 07:36:59.103,2,13,0
300.0,0.04,0.08,1.0,2,2,"['Teacher', 'Student', 'Supporter', 'Critic', 'Autobiographer', 'Scholar', 'Yearling', 'Informed']",dougal 5.0.0,254,2017-02-24 07:45:37.917,2017-08-06 03:22:44.473,5,12,1
306.0,0.0,0.0,0.0,0,1,"['Supporter', 'Autobiographer']",Jeutnarg,101,2017-02-24 20:27:24.023,2017-11-16 17:32:39.750,3,3,0
308.0,0.0312,0.0625,1.0,2,2,"['Teacher', 'Editor', 'Autobiographer']",4LPH4NUM3R1C,29,2017-02-24 21:50:31.097,2017-03-14 11:44:22.280,5,0,0
313.0,0.5,1.0,1.5,3,2,"['Teacher', 'Autobiographer']",Matej Vrzala M4,131,2017-02-25 06:53:30.120,2017-06-15 08:46:11.773,1,0,0
317.0,1.0,1.0,5.0,5,1,"['Teacher', 'Editor', 'Autobiographer', 'Revival']",try-catch-finally,101,2017-02-25 11:06:10.440,2019-12-29 14:53:30.980,1,0,0
320.0,0.5545,4.9902,5.5556,50,9,"['Teacher', 'Student', 'Supporter', 'Critic', 'Citizen Patrol', 'Autobiographer', 'Scholar', 'Yearling', 'Yearling', 'Yearling', 'Yearling', 'Nice Question', 'Nice Question', 'Nice Answer', 'Caucus', 'Constituent', 'Informed']",MatthewMartin,962,2017-02-25 15:28:09.690,2023-08-17 23:37:08.873,12,17,4
322.0,0.0,0.0,0.0,0,1,['Autobiographer'],HerbalResearcher,1,2017-02-25 18:19:26.940,2017-02-26 01:52:55.737,8,0,0
329.0,0.6071,4.25,1.2857,9,7,"['Teacher', 'Student', 'Editor', 'Supporter', 'Critic', 'Citizen Patrol', 'Autobiographer', 'Yearling', 'Commentator', 'Enthusiast', 'Suffrage', 'Vox Populi', 'Excavator', 'Caucus', 'Caucus', 'Constituent', 'Constituent', 'Custodian', 'Informed']",End Anti-Semitic Hate,280,2017-02-26 19:15:17.763,2024-04-06 00:01:36.110,2,129,2
335.0,1.0,1.0,2.0,2,1,"['Teacher', 'Supporter']",JeffO,121,2017-02-27 17:27:56.773,2017-03-13 20:48:27.947,2,8,0
344.0,0.1923,0.1923,10.0,10,1,"['Teacher', 'Supporter', 'Critic', 'Autobiographer', 'Yearling', 'Nice Answer']",Jason C,201,2017-03-01 03:28:59.977,2022-08-30 08:15:23.327,3,3,1
355.0,1.0,1.0,2.0,2,1,"['Teacher', 'Student', 'Autobiographer']",tke808,116,2017-03-03 18:36:24.877,2019-03-18 11:49:10.880,1,0,0
378.0,0.6,3.0,1.8,9,5,"['Teacher', 'Student', 'Editor', 'Supporter', 'Critic', 'Citizen Patrol', 'Autobiographer', 'Yearling', 'Yearling', 'Nice Question', 'Popular Question', 'Notable Question', 'Revival', 'Quorum', 'Caucus', 'Caucus', 'Constituent', 'Constituent', 'Custodian']",i--,490,2017-03-08 05:58:55.267,2022-08-23 09:26:44.013,26,2,1
382.0,0.8,0.8,4.0,4,1,"['Teacher', 'Editor', 'Organizer', 'Supporter', 'Autobiographer']",SevenSidedDie,143,2017-03-08 18:06:05.927,2021-09-12 15:33:56.727,5,2,0
383.0,0.6154,1.2308,3.5,7,2,"['Teacher', 'Editor', 'Quorum', 'Informed']",Re_Re_Think,71,2017-03-08 19:12:13.433,2017-09-26 20:45:20.870,1,0,0
384.0,1.0,1.0,4.0,4,1,"['Teacher', 'Supporter', 'Autobiographer']",Plumbing for Ankit,141,2017-03-08 19:30:49.657,2017-07-10 15:40:58.643,1,1,0
387.0,0.375,0.375,3.0,3,1,['Teacher'],Tyn,46,2017-03-09 14:20:51.617,2020-01-15 16:21:39.180,0,0,0
395.0,0.2067,0.4133,3.0,6,2,"['Teacher', 'Supporter', 'Critic', 'Autobiographer']",arp,175,2017-03-11 17:22:54.803,2020-11-22 01:17:22.850,2,7,1
400.0,0.2138,5.3443,2.96,74,25,"['Teacher', 'Editor', 'Supporter', 'Autobiographer', 'Yearling', 'Yearling', 'Yearling', 'Yearling', 'Necromancer', 'Commentator', 'Caucus', 'Custodian']",rackandboneman,850,2017-03-13 08:55:18.837,2022-12-10 18:19:43.417,7,25,0
407.0,0.1831,0.7326,4.25,17,4,"['Teacher', 'Editor', 'Supporter', 'Autobiographer']",mVentures,171,2017-03-14 21:19:25.503,2017-04-03 06:49:03.833,3,0,0
411.0,0.1667,0.1667,1.0,1,1,['Teacher'],Uday Pratap Saroj,11,2017-03-15 05:30:26.540,2017-03-16 17:38:22.917,0,0,0
428.0,1.0,1.0,6.0,6,1,"['Teacher', 'Supporter']",CMB92,161,2017-03-15 15:19:18.533,2017-04-07 20:15:51.130,2,1,0
431.0,0.3195,0.639,6.0,12,2,"['Teacher', 'Editor', 'Supporter', 'Critic', 'Autobiographer', 'Yearling', 'Caucus', 'Caucus']",joeyfb,221,2017-03-15 17:53:41.307,2023-07-07 13:29:40.257,5,23,0
436.0,0.3106,0.9317,3.3333,10,3,"['Teacher', 'Editor', 'Supporter', 'Yearling', 'Commentator']",M.Mat,201,2017-03-16 04:16:47.163,2019-01-19 22:51:12.863,5,9,0
446.0,0.0607,0.1213,1.5,3,2,"['Teacher', 'Supporter']",Adelina,131,2017-03-20 11:48:40.403,2017-03-27 20:04:39.130,5,2,0
451.0,0.2812,0.2812,9.0,9,1,['Teacher'],Jos√© Quinta,91,2017-03-20 17:30:42.803,2017-03-21 08:25:02.123,0,0,0
463.0,0.0938,0.0938,3.0,3,1,['Teacher'],Jason,31,2017-03-21 14:55:15.473,2017-03-21 14:55:15.473,0,0,0
464.0,0.0,0.0,0.0,0,1,['Autobiographer'],Tuan Trinh,139,2017-03-21 17:08:37.087,2018-05-23 07:24:44.573,2,0,0
465.0,0.098,0.098,10.0,10,1,"['Teacher', 'Editor', 'Yearling', 'Nice Answer']",AnoE,251,2017-03-21 17:14:29.613,2017-04-25 13:00:13.810,0,0,0
471.0,0.0686,0.0686,7.0,7,1,"['Teacher', 'Informed']",Jeffrey Beach,71,2017-03-21 19:16:35.340,2018-04-30 12:19:42.753,1,0,0
476.0,0.2297,0.9187,3.5,14,4,"['Teacher', 'Student', 'Editor', 'Cleanup', 'Supporter', 'Critic', 'Citizen Patrol', 'Autobiographer', 'Scholar', 'Yearling', 'Yearling', 'Nice Question', 'Popular Question', 'Commentator', 'Custodian']",Nobody,496,2017-03-21 20:34:19.163,2023-02-15 18:43:52.967,11,73,6
477.0,0.049,0.049,5.0,5,1,"['Teacher', 'Supporter', 'Caucus', 'Caucus']",jkej,151,2017-03-21 21:41:03.763,2022-12-10 08:22:48.077,2,13,0
480.0,0.101,0.5051,1.0,5,5,"['Teacher', 'Editor', 'Supporter']",Count Iblis,151,2017-03-22 03:35:03.800,2019-06-29 14:16:34.457,2,4,0
487.0,0.5621,3.935,6.2857,44,7,"['Teacher', 'Editor', 'Supporter', 'Yearling', 'Yearling', 'Enlightened', 'Nice Answer', 'Revival', 'Revival']",Jacob Raccuia,571,2017-03-22 13:49:42.690,2024-01-24 18:58:58.277,9,1,0
492.0,0.0392,0.0392,4.0,4,1,"['Teacher', 'Autobiographer']",Martin,141,2017-03-22 15:11:16.763,2023-02-10 06:37:09.650,2,0,0
515.0,0.1981,0.3961,6.5,13,2,"['Teacher', 'Student', 'Supporter', 'Autobiographer', 'Yearling', 'Necromancer']",Michal Tenenberg,321,2017-03-23 18:09:30.917,2021-04-21 09:04:07.633,4,8,0
519.0,0.2393,1.1963,5.6,28,5,"['Teacher', 'Editor', 'Supporter', 'Critic', 'Citizen Patrol', 'Autobiographer', 'Yearling', 'Necromancer', 'Nice Answer', 'Commentator', 'Suffrage', 'Vox Populi']",Pharap,390,2017-03-23 22:18:39.213,2024-03-25 07:10:34.300,8,162,2
529.0,0.4724,5.6686,4.5833,55,12,"['Teacher', 'Student', 'Editor', 'Supporter', 'Critic', 'Citizen Patrol', 'Autobiographer', 'Scholar', 'Yearling', 'Yearling', 'Yearling', 'Necromancer', 'Popular Question', 'Commentator', 'Enthusiast', 'Revival', 'Quorum']",henning,781,2017-03-24 08:53:38.423,2023-09-20 11:39:56.520,14,85,10
530.0,0.0909,0.0909,1.0,1,1,"['Teacher', 'Supporter', 'Autobiographer']",user1995,111,2017-03-24 09:55:16.300,2023-02-15 05:17:55.440,1,20,0
531.0,0.0733,0.1465,3.5,7,2,"['Teacher', 'Student', 'Supporter', 'Critic', 'Autobiographer', 'Scholar', 'Yearling', 'Nice Question', 'Popular Question', 'Notable Question', 'Caucus', 'Caucus']",Golden Cuy,342,2017-03-24 10:55:44.167,2024-01-07 10:07:29.717,2,3,1
535.0,0.2657,1.8597,2.0,14,7,"['Teacher', 'Editor', 'Supporter', 'Yearling', 'Commentator', 'Quorum', 'Custodian']",ChrisW,249,2017-03-24 16:17:11.813,2023-08-02 17:29:55.533,4,6,0
545.0,0.3194,0.9583,2.6667,8,3,"['Teacher', 'Editor', 'Supporter', 'Autobiographer']",Chris H,196,2017-03-27 09:22:55.347,2023-05-04 12:55:52.623,1,2,0
554.0,0.75,0.75,3.0,3,1,"['Teacher', 'Student', 'Editor', 'Supporter', 'Citizen Patrol', 'Autobiographer', 'Scholar', 'Yearling', 'Popular Question', 'Notable Question', 'Caucus', 'Caucus', 'Constituent', 'Constituent', 'Informed']",Hannibal Lettuce,214,2017-03-27 17:58:47.323,2024-04-02 05:40:47.190,4,19,0
573.0,0.0,0.0,0.0,0,1,['Supporter'],Maxim,99,2017-03-30 19:24:28.180,2020-02-10 16:23:11.647,0,27,0
576.0,0.0,0.0,0.0,0,1,['Editor'],Pem,1,2017-03-31 20:11:23.480,2017-03-31 20:43:11.853,0,0,0
583.0,0.5625,0.5625,9.0,9,1,"['Teacher', 'Editor', 'Supporter']",Krostd,191,2017-04-04 01:09:40.920,2017-04-09 11:29:22.603,2,2,0
610.0,0.0233,0.0233,1.0,1,1,"['Teacher', 'Student', 'Supporter', 'Scholar']",cparrish817,131,2017-04-13 17:00:34.700,2019-08-28 19:05:04.077,0,1,0
614.0,0.3542,1.4167,2.0,8,4,"['Teacher', 'Supporter', 'Autobiographer']",PlutoThePlanet,194,2017-04-14 18:24:14.263,2020-07-28 15:57:07.727,3,8,0
616.0,0.3815,1.1446,3.0,9,3,"['Teacher', 'Editor', 'Citizen Patrol', 'Caucus']",WhatEvil,193,2017-04-15 18:27:13.460,2022-08-24 00:00:22.980,2,0,0
617.0,0.5469,1.0938,4.5,9,2,"['Teacher', 'Student', 'Supporter', 'Critic', 'Autobiographer', 'Yearling', 'Self-Learner', 'Nice Question', 'Commentator', 'Quorum', 'Informed']",Ryan,351,2017-04-15 19:39:14.747,2022-12-06 20:14:10.100,5,76,1
622.0,0.3109,0.6218,4.0,8,2,"['Teacher', 'Editor', 'Supporter', 'Autobiographer', 'Yearling', 'Informed']",coinbird,189,2017-04-17 16:39:20.353,2020-12-01 19:11:29.557,1,3,0
632.0,0.4052,3.2418,4.0,32,8,"['Teacher', 'Student', 'Editor', 'Supporter', 'Scholar', 'Yearling', 'Yearling']",Kiochi,506,2017-04-18 16:24:18.650,2021-09-23 11:49:10.750,1,19,0
637.0,0.4375,0.875,4.0,8,2,"['Teacher', 'Student', 'Editor', 'Supporter', 'Autobiographer', 'Scholar', 'Necromancer', 'Nice Question', 'Popular Question', 'Informed']",middleagedgeezer,198,2017-04-21 19:06:28.753,2017-06-03 01:05:13.750,0,5,0
641.0,0.0,0.0,0.0,0,1,"['Editor', 'Custodian']",yaakov,1,2017-04-24 08:19:35.990,2017-04-27 13:17:06.710,3,0,0
643.0,0.046,0.4602,0.6,6,10,"['Teacher', 'Editor']",blushingivy,63,2017-04-24 20:07:43.060,2019-03-12 16:19:48.133,1,0,0
648.0,0.5882,0.5882,10.0,10,1,"['Teacher', 'Supporter', 'Autobiographer', 'Yearling', 'Nice Answer']",moodboom,216,2017-04-25 13:22:55.990,2022-08-18 14:12:40.923,3,9,0
655.0,0.0,0.0,0.0,0,1,"['Editor', 'Supporter']",Maliafo,105,2017-04-26 20:43:05.847,2017-06-28 05:39:41.730,1,1,0
660.0,0.4444,0.4444,8.0,8,1,"['Teacher', 'Supporter', 'Autobiographer', 'Informed']",Bumcheeks,81,2017-04-28 16:45:50.857,2023-06-26 07:43:21.820,2,1,0
665.0,1.0,1.0,8.0,8,1,"['Teacher', 'Editor', 'Supporter', 'Autobiographer', 'Caucus']",chiliNUT,196,2017-04-30 06:41:09.043,2022-08-22 20:05:32.087,2,1,0
681.0,0.2857,0.5714,4.0,8,2,"['Teacher', 'Autobiographer', 'Caucus']",rumtscho,181,2017-05-07 14:03:02.617,2022-09-20 15:59:53.060,3,0,0
686.0,0.0417,0.0833,0.5,1,2,"['Teacher', 'Supporter']",DS R,111,2017-05-08 15:51:59.527,2017-09-19 05:09:19.367,1,6,0
692.0,0.2,0.2,2.0,2,1,"['Teacher', 'Supporter', 'Autobiographer']",Bilal Ahmed,121,2017-05-10 13:09:14.460,2018-08-31 06:46:26.023,0,1,0
701.0,0.5,0.5,6.0,6,1,['Teacher'],sffc,161,2017-05-16 01:32:20.913,2019-06-12 08:22:35.580,1,0,0
703.0,0.3526,0.7051,4.5,9,2,"['Teacher', 'Supporter']",Ron Bowes,91,2017-05-17 20:53:25.463,2018-04-01 20:30:36.477,0,1,0
704.0,0.0116,0.0116,2.0,2,1,['Teacher'],Deiter Roche,21,2017-05-18 01:00:31.423,2022-08-08 21:49:46.473,0,0,0
719.0,0.3846,1.1538,5.0,15,3,"['Teacher', 'Editor', 'Supporter', 'Autobiographer', 'Yearling', 'Commentator']",sbharti,259,2017-05-23 07:41:31.160,2023-09-19 02:52:37.290,0,19,0
725.0,0.12,0.12,3.0,3,1,"['Teacher', 'Supporter']",Xodarap,131,2017-05-24 14:58:51.723,2017-08-10 18:38:10.593,0,11,0
729.0,0.0,0.0,0.0,0,1,,Sai Lakshmi Reddi,1,2017-05-25 13:40:32.543,2017-05-27 14:17:49.507,1,0,0
735.0,1.0,1.0,7.0,7,1,"['Teacher', 'Supporter', 'Autobiographer', 'Necromancer', 'Revival', 'Caucus', 'Constituent']",Scb,186,2017-05-29 11:28:10.123,2023-02-19 19:20:33.937,1,3,0
737.0,0.3333,0.3333,5.0,5,1,"['Teacher', 'Autobiographer', 'Necromancer']",Mamo87654321,51,2017-05-29 17:30:57.730,2019-03-25 15:35:48.157,0,0,0
744.0,0.1039,0.2078,2.0,4,2,"['Teacher', 'Student', 'Editor', 'Supporter', 'Autobiographer', 'Scholar', 'Yearling', 'Nice Question', 'Popular Question', 'Notable Question', 'Informed']",bw3b,333,2017-06-01 08:02:10.117,2020-03-18 14:20:13.017,1,10,0
747.0,0.0,0.0,0.0,0,1,['Autobiographer'],Lady Philosophy,1,2017-06-03 15:00:31.423,2017-06-03 15:00:31.423,0,0,0
750.0,0.3833,0.7667,4.0,8,2,"['Teacher', 'Autobiographer']",Tetramino,181,2017-06-05 15:33:44.720,2017-08-17 19:09:51.333,0,0,0
770.0,0.1667,0.3333,2.0,4,2,"['Teacher', 'Editor', 'Supporter']",CodeCat,56,2017-06-12 04:11:51.030,2019-03-15 01:29:51.200,0,2,0
798.0,0.4375,0.4375,7.0,7,1,"['Teacher', 'Student', 'Editor', 'Supporter', 'Autobiographer', 'Scholar', 'Yearling', 'Self-Learner', 'Informed']",Bradley Wilson,263,2017-06-23 20:56:49.657,2018-02-13 09:42:35.137,2,10,0
811.0,0.2793,1.1172,1.75,7,4,"['Teacher', 'Student', 'Editor', 'Supporter', 'Critic', 'Citizen Patrol', 'Autobiographer', 'Scholar', 'Yearling', 'Yearling', 'Yearling', 'Self-Learner', 'Nice Question', 'Commentator', 'Excavator', 'Curious']",Geremia,668,2017-06-28 01:54:18.567,2024-01-13 00:21:02.533,2,12,6
822.0,1.0,1.0,4.0,4,1,"['Teacher', 'Editor', 'Supporter', 'Autobiographer']",Preston Hager,156,2017-07-02 01:32:05.770,2020-12-05 02:01:46.453,0,5,0
848.0,0.3197,1.9184,3.0,18,6,"['Teacher', 'Student', 'Editor', 'Supporter', 'Scholar', 'Yearling', 'Caucus', 'Constituent', 'Custodian']",Nagev,383,2017-07-13 17:53:54.180,2023-07-08 12:09:32.917,3,12,0
861.0,0.1111,0.1111,1.0,1,1,"['Teacher', 'Student', 'Editor', 'Supporter']",Alex S,113,2017-07-21 05:22:29.083,2023-10-17 11:02:03.543,0,7,0
868.0,0.053,0.106,2.0,4,2,"['Teacher', 'Student', 'Editor', 'Organizer', 'Supporter', 'Citizen Patrol', 'Autobiographer', 'Scholar', 'Caucus', 'Informed']",freethinker36,173,2017-07-23 20:09:58.480,2021-11-07 17:04:32.863,0,9,0
881.0,0.12,0.12,3.0,3,1,"['Teacher', 'Student', 'Supporter', 'Critic', 'Autobiographer', 'Scholar', 'Yearling', 'Nice Question', 'Popular Question', 'Notable Question']",nadavvadan,243,2017-07-28 14:24:02.620,2022-04-26 08:43:12.987,0,19,1
895.0,0.1806,0.3611,3.0,6,2,"['Teacher', 'Editor', 'Supporter', 'Critic', 'Autobiographer', 'Caucus', 'Informed']",Paul R,160,2017-08-03 08:27:20.700,2022-08-23 07:03:03.230,0,7,1
914.0,0.3043,0.6087,4.5,9,2,"['Teacher', 'Editor', 'Supporter', 'Necromancer']",Dale Top,91,2017-08-10 17:37:08.787,2017-08-10 20:10:41.347,0,2,0
945.0,0.045,0.1351,2.6667,8,3,"['Teacher', 'Editor', 'Supporter', 'Necromancer', 'Caucus', 'Caucus', 'Constituent', 'Constituent', 'Informed']",Grimm,181,2017-08-24 10:35:36.060,2022-08-28 20:56:27.023,2,15,0
966.0,0.7,4.9,4.1429,29,7,"['Teacher', 'Editor', 'Supporter', 'Critic', 'Autobiographer', 'Yearling', 'Yearling', 'Enlightened', 'Nice Answer', 'Commentator', 'Quorum', 'Custodian']",Panther,421,2017-09-06 17:56:15.940,2018-02-24 13:46:36.740,3,13,1
968.0,0.0449,0.0449,4.0,4,1,['Teacher'],Vegan,41,2017-09-07 14:07:32.083,2017-09-07 14:07:32.083,0,0,0
979.0,0.4019,1.2058,3.3333,10,3,"['Teacher', 'Yearling', 'Revival', 'Caucus']",GMK,201,2017-09-13 17:46:19.490,2023-02-16 22:34:52.817,1,0,0
994.0,0.7867,3.9333,5.6,28,5,"['Teacher', 'Student', 'Editor', 'Supporter', 'Citizen Patrol', 'Autobiographer', 'Yearling', 'Yearling', 'Talkative', 'Informed']",avazula,476,2017-09-19 15:05:44.890,2022-01-08 11:18:22.430,3,18,0
1014.0,0.1241,0.2481,1.5,3,2,"['Teacher', 'Editor']",terryflys,31,2017-09-30 23:22:52.807,2019-03-20 00:39:19.700,0,0,0
1022.0,0.0098,0.0098,1.0,1,1,['Teacher'],Christina Thomas,11,2017-10-04 10:28:32.840,2017-10-04 10:28:32.840,0,0,0
1030.0,0.125,0.25,2.0,4,2,"['Teacher', 'Autobiographer']",Niklas Braun,141,2017-10-05 19:27:51.360,2019-07-22 18:44:16.640,1,0,0
1033.0,0.4403,6.6046,2.0,30,15,"['Teacher', 'Student', 'Supporter', 'Critic', 'Yearling', 'Yearling', 'Revival', 'Caucus', 'Constituent', 'Custodian']",Sasho Andrijeski,436,2017-10-08 14:05:54.007,2024-03-26 14:12:58.183,0,19,3
1056.0,0.1818,0.3636,2.0,4,2,"['Teacher', 'Editor', 'Supporter']",Juan Carlos Chavez,141,2017-10-22 07:18:45.503,2017-12-25 03:20:18.280,0,1,0
1068.0,1.0,1.0,6.0,6,1,"['Teacher', 'Revival', 'Custodian']",Hyetigran,161,2017-10-30 12:01:27.247,2020-09-27 18:23:55.447,0,0,0
1069.0,0.342,0.684,2.5,5,2,"['Teacher', 'Editor', 'Autobiographer']",S. Buster,59,2017-10-31 00:55:47.490,2018-07-18 08:51:49.167,0,0,0
1070.0,0.1667,0.1667,2.0,2,1,"['Teacher', 'Autobiographer']",dain,121,2017-10-31 22:12:44.307,2019-09-09 10:48:01.777,0,0,0
1081.0,0.0513,0.0513,2.0,2,1,['Teacher'],Megurin,21,2017-11-06 22:51:23.520,2017-11-06 23:21:57.380,0,0,0
1095.0,1.0,1.0,2.0,2,1,"['Teacher', 'Revival']",Amanda Daly,21,2017-11-11 22:16:39.163,2017-11-26 16:47:24.383,3,0,0
1096.0,0.2592,1.0367,2.75,11,4,"['Teacher', 'Editor', 'Autobiographer', 'Yearling']",Jessica Burnett,226,2017-11-12 01:22:30.280,2020-04-20 18:06:37.687,4,0,0
1118.0,0.2727,0.2727,6.0,6,1,"['Teacher', 'Editor', 'Autobiographer', 'Necromancer']",AndyB,61,2017-11-25 00:22:25.277,2019-11-19 13:20:57.100,0,0,0
1236.0,0.6644,59.7969,3.6778,331,90,"['Teacher', 'Student', 'Editor', 'Organizer', 'Supporter', 'Critic', 'Citizen Patrol', 'Autobiographer', 'Scholar', 'Taxonomist', 'Strunk & White', 'Yearling', 'Yearling', 'Yearling', 'Yearling', 'Yearling', 'Yearling', 'Self-Learner', 'Necromancer', 'Necromancer', 'Necromancer', 'Necromancer', 'Necromancer', 'Necromancer', 'Necromancer', 'Necromancer', 'Enlightened', 'Nice Question', 'Nice Question', 'Nice Question', 'Nice Question', 'Nice Answer', 'Nice Answer', 'Nice Answer', 'Nice Answer', 'Nice Answer', 'Popular Question', 'Popular Question', 'Popular Question', 'Popular Question', 'Popular Question', 'Popular Question', 'Popular Question', 'Notable Question', 'Notable Question', 'Famous Question', 'Commentator', 'Civic Duty', 'Disciplined', 'Tumbleweed', 'Mortarboard', 'Investor', 'Promoter', 'Benefactor', 'Enthusiast', 'Tag Editor', 'Suffrage', 'Revival', 'Revival', 'Revival', 'Revival', 'Revival', 'Revival', 'Revival', 'Revival', 'Revival', 'Revival', 'Revival', 'Talkative', 'Quorum', 'Convention', 'Vox Populi', 'Synonymizer', 'Excavator', 'Caucus', 'Constituent', 'Custodian', 'Custodian', 'Custodian', 'Custodian', 'Custodian', 'Custodian', 'Custodian', 'Custodian', 'Informed', 'Constable', 'Curious', 'Explainer', 'veganism']",Nic,7108,2017-12-05 23:27:59.273,2022-11-06 17:34:28.813,58,565,55
1250.0,0.6869,6.1824,5.3333,48,9,"['Teacher', 'Student', 'Editor', 'Supporter', 'Critic', 'Citizen Patrol', 'Yearling', 'Yearling', 'Yearling', 'Self-Learner', 'Necromancer', 'Enlightened', 'Nice Answer', 'Commentator', 'Revival', 'Excavator', 'Caucus']",Vaelus,688,2017-12-12 07:06:48.517,2024-04-05 03:35:28.480,7,9,2
1251.0,0.0231,0.0231,4.0,4,1,"['Teacher', 'Autobiographer', 'Necromancer']",Gladiator Kittens,141,2017-12-12 09:54:36.870,2018-03-04 20:43:54.370,0,0,0
1260.0,0.0116,0.0116,2.0,2,1,"['Teacher', 'Informed']",The_Grey_Hood,21,2017-12-15 13:30:30.390,2017-12-20 12:46:05.323,0,0,0
1285.0,0.8667,0.8667,13.0,13,1,"['Teacher', 'Student', 'Editor', 'Supporter', 'Critic', 'Autobiographer', 'Yearling', 'Necromancer', 'Nice Question', 'Nice Answer', 'Popular Question', 'Enthusiast', 'Suffrage', 'Revival', 'Quorum', 'Vox Populi', 'Informed']",N. Cornet,343,2017-12-26 21:22:43.070,2020-11-05 18:42:15.593,5,57,1
1288.0,0.5051,1.0101,1.5,3,2,"['Teacher', 'Editor', 'Autobiographer', 'Revival', 'Informed']",MxVasilev,31,2017-12-28 06:30:42.047,2018-03-05 17:16:42.217,0,0,0
1293.0,0.3764,1.1293,8.3333,25,3,"['Teacher', 'Student', 'Editor', 'Supporter', 'Critic', 'Citizen Patrol', 'Autobiographer', 'Yearling', 'Yearling', 'Nice Question', 'Nice Answer', 'Informed']",Edelk,463,2017-12-29 19:34:23.393,2020-05-20 16:44:51.473,4,24,1
1319.0,0.6795,2.7179,3.0,12,4,"['Teacher', 'Student', 'Editor', 'Supporter', 'Critic', 'Autobiographer', 'Yearling', 'Excavator', 'Caucus', 'Constituent', 'Custodian', 'Informed']",Jessica Tiberio,308,2018-01-11 05:31:38.913,2023-11-13 21:08:44.193,5,26,3
1330.0,0.1111,0.1111,1.0,1,1,['Teacher'],Tho Re,111,2018-01-15 18:46:50.717,2020-12-08 22:37:45.750,0,0,0
1349.0,0.5,0.5,6.0,6,1,['Teacher'],Sabrina Pereira,61,2018-01-21 20:22:55.443,2018-02-02 02:39:39.700,2,0,0
1352.0,0.0,0.0,0.0,0,1,"['Student', 'Editor', 'Supporter', 'Citizen Patrol', 'Autobiographer', 'Scholar', 'Yearling', 'Excavator']",Stephane Rolland,255,2018-01-23 16:13:45.047,2022-12-27 10:54:23.233,1,24,0
1353.0,0.3333,0.3333,3.0,3,1,"['Teacher', 'Autobiographer']",Adam Davis,131,2018-01-24 01:23:56.390,2018-04-14 23:45:50.507,0,0,0
1368.0,0.0,0.0,0.0,0,1,"['Supporter', 'Autobiographer']",Tikkes,101,2018-01-30 13:22:16.263,2018-02-01 10:07:34.623,1,1,0
1382.0,1.0,1.0,6.0,6,1,"['Teacher', 'Supporter']",jweaver,61,2018-02-08 20:16:09.513,2018-05-04 12:49:11.500,0,2,0
1383.0,0.0,0.0,0.0,0,1,,Duffer,101,2018-02-09 05:41:02.820,2019-12-17 05:25:34.773,0,0,0
1385.0,0.5,1.0,1.5,3,2,"['Teacher', 'Autobiographer']",Felicity Ratcliffe,31,2018-02-09 16:00:30.610,2018-05-21 17:27:05.003,0,0,0
1388.0,0.0833,0.0833,2.0,2,1,['Teacher'],Mike Pelletier,21,2018-02-12 18:31:50.500,2018-02-12 18:46:52.230,0,0,0
1410.0,0.1304,0.1304,3.0,3,1,"['Teacher', 'Supporter']",Bridgeburners,131,2018-02-28 18:14:13.290,2021-01-15 14:16:25.157,1,2,0
1446.0,0.5714,1.1429,1.0,2,2,['Teacher'],user1446,21,2018-03-15 21:41:49.127,2018-04-05 18:59:03.030,0,0,0
1447.0,1.0,1.0,7.0,7,1,"['Teacher', 'Supporter']",Giel,186,2018-03-16 10:05:54.500,2018-10-15 12:16:44.480,1,4,0
1460.0,0.3798,1.1393,3.6667,11,3,"['Teacher', 'Informed']",anja,126,2018-03-21 14:51:19.440,2018-03-25 12:50:33.673,0,0,0
1464.0,0.1429,0.1429,1.0,1,1,"['Teacher', 'Editor', 'Autobiographer']",NitrusInc,111,2018-03-22 12:06:12.410,2018-04-15 18:01:31.017,1,0,0
1479.0,0.026,0.026,2.0,2,1,['Teacher'],Li12,121,2018-03-27 12:36:18.480,2018-04-06 07:58:12.220,0,0,0
1493.0,0.5192,1.0385,3.0,6,2,"['Teacher', 'Editor', 'Supporter', 'Autobiographer', 'Revival']",Jake,176,2018-04-03 02:07:53.067,2019-08-18 01:49:23.013,0,14,0
1510.0,0.2792,0.5584,4.0,8,2,"['Teacher', 'Supporter', 'Autobiographer']",Ivo,181,2018-04-09 07:12:53.013,2019-11-01 15:08:20.700,0,8,0
1514.0,1.0,1.0,1.0,1,1,"['Teacher', 'Supporter', 'Autobiographer']",John M,111,2018-04-09 19:36:21.177,2023-08-23 14:21:08.693,0,2,0
1526.0,0.4123,2.886,2.5714,18,7,"['Teacher', 'Student', 'Editor', 'Supporter', 'Critic', 'Citizen Patrol', 'Scholar', 'Yearling', 'Enthusiast', 'Revival']",Violet Flare,395,2018-04-12 09:09:25.177,2023-09-27 10:45:37.563,2,49,1
1541.0,0.3221,1.2886,3.5,14,4,"['Teacher', 'Supporter', 'Commentator', 'Informed']",SquidInc.,164,2018-04-18 13:37:03.117,2022-12-10 01:38:59.627,2,13,0
1554.0,0.1333,0.4,1.6667,5,3,"['Teacher', 'Editor', 'Supporter', 'Citizen Patrol', 'Autobiographer']",Mark Stosberg,151,2018-04-18 23:20:36.220,2019-07-18 18:35:35.933,5,10,0
1575.0,0.0,0.0,0.0,0,1,,ssn,107,2018-04-24 05:46:05.383,2021-04-29 18:24:13.953,2,0,0
1581.0,0.1818,0.1818,2.0,2,1,"['Teacher', 'Autobiographer', 'Informed']",Mercurialfey,21,2018-04-26 19:22:26.503,2018-04-26 20:06:04.603,3,0,0
1592.0,0.1,0.1,1.0,1,1,"['Teacher', 'Student', 'Editor', 'Supporter', 'Autobiographer', 'Informed']",Lasantha,121,2018-05-02 18:33:10.153,2022-08-23 11:10:51.227,1,3,0
1593.0,0.0,0.0,0.0,0,2,"['Editor', 'Supporter']",Tomas,97,2018-05-02 21:26:02.130,2020-09-01 07:57:27.297,0,4,0
1594.0,0.0,0.0,0.0,0,4,"['Student', 'Editor', 'Supporter', 'Autobiographer', 'Scholar', 'Custodian']",eapo,127,2018-05-03 00:36:28.167,2021-10-07 21:23:59.003,3,4,0
1599.0,0.7867,3.9333,4.0,20,5,"['Teacher', 'Editor', 'Supporter', 'Autobiographer', 'Yearling', 'Revival', 'Caucus', 'Caucus']",Robert Long,346,2018-05-04 07:23:06.923,2023-08-29 12:52:21.423,3,14,0
1608.0,0.1667,0.1667,1.0,1,1,['Teacher'],TheProteanGirl,11,2018-05-07 21:38:33.907,2018-05-07 21:38:33.907,0,0,0
1610.0,0.525,2.1,3.25,13,4,"['Teacher', 'Autobiographer', 'Yearling', 'Necromancer', 'Revival']",Nikki,231,2018-05-09 23:26:26.713,2018-10-17 14:36:48.923,8,0,0
1612.0,0.1429,0.1429,1.0,1,1,['Teacher'],Goran Du≈°kiƒá,11,2018-05-10 16:19:14.427,2022-11-16 11:33:24.990,2,0,0
1613.0,0.5417,1.0833,1.5,3,2,"['Teacher', 'Revival', 'Custodian']",tdrsam,154,2018-05-11 01:20:15.493,2021-09-16 22:48:59.440,1,0,0
1618.0,0.0357,0.0357,1.0,1,1,"['Teacher', 'Autobiographer']",Pranav Singh,111,2018-05-14 04:49:05.187,2023-03-09 05:39:30.140,1,0,0
1646.0,0.4087,1.2262,7.0,21,3,"['Teacher', 'Editor', 'Autobiographer', 'Yearling', 'Nice Answer']",pizi,332,2018-05-25 14:22:03.257,2021-12-10 20:22:09.827,1,0,0
1654.0,0.2,0.2,2.0,2,1,['Teacher'],user24119,21,2018-05-29 12:51:14.687,2018-05-29 13:07:57.430,0,0,0
1675.0,0.2051,0.4103,1.0,2,2,"['Teacher', 'Editor']",Steve B,121,2018-06-13 04:50:31.587,2018-08-29 01:30:17.083,0,0,0
1694.0,0.506,2.0238,3.25,13,4,"['Teacher', 'Necromancer', 'Revival']",Cebbe,146,2018-06-25 11:02:48.213,2018-10-31 15:47:32.220,1,0,0
1696.0,0.25,0.25,4.0,4,1,['Teacher'],Nacho,41,2018-06-25 15:55:25.180,2018-12-12 14:52:41.830,0,0,0
1703.0,1.0,1.0,3.0,3,1,"['Teacher', 'Supporter', 'Autobiographer']",Bharel,131,2018-07-06 18:40:46.793,2021-05-08 01:16:29.203,0,1,0
1715.0,0.498,1.4939,5.0,15,3,"['Teacher', 'Supporter', 'Yearling']",user61524,266,2018-07-12 20:48:47.253,2019-01-06 09:44:09.453,0,2,0
1717.0,0.5263,1.0526,2.5,5,2,"['Teacher', 'Supporter', 'Autobiographer']",Alex,166,2018-07-13 15:20:22.697,2019-12-22 09:29:45.167,0,6,0
1725.0,0.0,0.0,0.0,0,1,"['Student', 'Critic', 'Scholar']",Samid,168,2018-07-20 01:05:07.263,2023-09-29 13:39:36.870,2,0,1
1728.0,0.4,0.4,2.0,2,1,"['Teacher', 'Supporter', 'Autobiographer']",karthik,121,2018-07-21 04:03:55.383,2024-02-01 07:46:38.237,0,17,0
1730.0,0.5216,1.5649,4.6667,14,3,"['Teacher', 'Student', 'Editor', 'Supporter', 'Autobiographer', 'Yearling', 'Custodian']",David Lehnherr,331,2018-07-23 14:06:49.597,2022-05-22 18:26:37.800,3,2,0
1753.0,0.0,0.0,0.0,0,1,,Antonis P,1,2018-08-06 14:10:48.483,2018-08-06 14:26:08.280,0,0,0
1758.0,0.4286,0.4286,3.0,3,1,['Teacher'],Rowan,131,2018-08-08 21:28:08.117,2018-12-13 09:10:57.107,0,0,0
1778.0,0.0,0.0,0.0,0,1,,Swetha G,1,2018-08-20 11:52:05.710,2018-08-21 13:23:31.623,1,0,0
1785.0,0.4667,0.4667,7.0,7,1,"['Teacher', 'Necromancer']",MimiB,71,2018-08-21 18:11:17.790,2018-08-21 18:11:17.790,0,0,0
1807.0,0.1227,0.3681,2.6667,8,3,"['Teacher', 'Editor', 'Necromancer', 'Informed']",Roushiyo,103,2018-09-01 09:34:46.230,2018-09-08 07:25:10.340,3,0,0
1829.0,1.0,1.0,4.0,4,1,"['Teacher', 'Editor', 'Supporter', 'Critic']",Koume,1,2018-09-10 13:20:22.407,2018-12-13 12:01:25.903,4,27,0
1878.0,1.0,2.0,3.5,7,2,"['Teacher', 'Student', 'Supporter', 'Autobiographer', 'Scholar', 'Yearling', 'Revival', 'Revival', 'Caucus']",√Ülis,238,2018-10-09 16:07:46.177,2021-08-10 07:10:32.123,4,6,0
1916.0,1.0,1.0,4.0,4,1,"['Teacher', 'Student', 'Autobiographer', 'Scholar', 'Self-Learner', 'Caucus']",typesanitizer,189,2018-10-30 17:42:38.950,2022-08-23 02:17:35.890,4,0,0
1918.0,0.8333,0.8333,5.0,5,1,"['Teacher', 'Editor', 'Supporter', 'Autobiographer', 'Enthusiast', 'Fanatic', 'Informed']",itsmysterybox,153,2018-10-31 08:59:50.190,2021-08-22 08:36:28.733,1,3,0
1926.0,0.1667,0.1667,1.0,1,1,"['Teacher', 'Student', 'Editor', 'Supporter', 'Scholar', 'Custodian']",Markus,189,2018-11-05 07:17:05.793,2020-06-07 15:26:47.417,6,7,0
1933.0,0.5,0.5,1.0,1,1,"['Teacher', 'Autobiographer']",Sergi Ballestar,26,2018-11-07 08:47:42.323,2021-11-08 15:12:15.350,0,0,0
1934.0,0.5533,2.7667,3.2,16,5,"['Teacher', 'Student', 'Editor', 'Supporter', 'Critic', 'Citizen Patrol', 'Autobiographer', 'Yearling', 'Commentator', 'Quorum', 'Caucus', 'Caucus', 'Constituent', 'Custodian']",Jiminy Cricket.,318,2018-11-07 13:14:26.690,2024-03-31 04:14:37.713,7,21,2
1936.0,0.2353,0.2353,4.0,4,1,"['Teacher', 'Informed']",Karo,41,2018-11-09 18:13:28.887,2018-12-19 16:05:48.623,1,0,0
1949.0,0.08,0.08,2.0,2,1,['Teacher'],Varnith,21,2018-11-16 03:02:18.497,2019-04-21 11:03:56.597,0,0,0
1958.0,0.0156,0.0312,2.0,4,2,"['Teacher', 'Student', 'Editor', 'Supporter', 'Autobiographer', 'Scholar', 'Suffrage', 'Informed']",Matthew London,61,2018-11-20 00:26:27.113,2022-09-23 15:00:50.003,2,51,0
1961.0,0.5889,8.2444,2.9286,41,14,"['Teacher', 'Student', 'Editor', 'Organizer', 'Supporter', 'Autobiographer', 'Yearling', 'Yearling', 'Yearling', 'Self-Learner', 'Commentator', 'Revival', 'Revival', 'Revival']",Jan,691,2018-11-22 11:01:10.640,2020-06-19 09:53:53.677,5,15,0
1981.0,1.0,3.0,4.6667,14,3,"['Teacher', 'Editor', 'Critic', 'Autobiographer', 'Yearling', 'Revival']",Thomas Cleberg,272,2018-12-05 16:05:11.680,2020-08-12 16:45:34.343,2,0,1
1999.0,0.2083,0.2083,5.0,5,1,"['Teacher', 'Student', 'Editor', 'Supporter', 'Autobiographer', 'Scholar', 'Yearling', 'Necromancer', 'Caucus', 'Caucus', 'Constituent', 'Custodian']",PinkBanter,223,2018-12-14 22:26:43.780,2022-11-18 12:05:53.393,7,3,0
2029.0,0.0,0.0,0.0,0,1,"['Teacher', 'Autobiographer']",James Buser,1,2019-01-03 11:58:42.670,2020-03-13 07:48:37.627,1,0,0
2035.0,0.455,8.6448,3.1053,59,19,"['Teacher', 'Student', 'Editor', 'Supporter', 'Autobiographer', 'Scholar', 'Yearling', 'Yearling', 'Yearling', 'Yearling', 'Yearling', 'Necromancer', 'Nice Question', 'Nice Question', 'Popular Question', 'Popular Question', 'Commentator', 'Caucus', 'Caucus', 'Custodian']",badjohn,1093,2019-01-04 10:02:45.107,2024-04-01 06:30:56.657,6,156,0
2044.0,0.0,0.0,0.0,0,1,['Editor'],Stuf,19,2019-01-06 04:25:46.563,2019-01-06 04:25:46.563,0,0,0
2046.0,0.04,0.04,1.0,1,1,"['Teacher', 'Editor']",Mohan Pathak,11,2019-01-06 17:53:00.420,2023-03-21 11:02:33.940,0,0,0
2047.0,0.2,0.2,2.0,2,1,['Teacher'],N Russell,21,2019-01-07 09:05:38.570,2019-11-11 15:48:39.877,0,0,0
2058.0,0.375,0.375,3.0,3,1,"['Teacher', 'Autobiographer']",Mr. Caribbean,31,2019-01-12 05:05:08.120,2019-01-12 05:20:30.767,0,0,0
2061.0,1.0,2.0,5.0,10,2,"['Teacher', 'Yearling', 'Necromancer', 'Revival', 'Revival']",F Chopin,231,2019-01-13 21:32:04.483,2020-08-07 08:02:36.420,1,0,0
2074.0,0.0303,0.0303,1.0,1,1,"['Teacher', 'Autobiographer']",Bizibill,21,2019-01-22 11:51:21.173,2019-01-25 01:54:34.120,0,0,0
2078.0,0.1429,0.1429,1.0,1,1,"['Teacher', 'Autobiographer']",Bernard Hurley,111,2019-01-23 11:29:05.367,2019-01-23 11:45:43.640,0,0,0
2095.0,0.2625,1.8378,3.1429,22,7,"['Teacher', 'Student', 'Supporter', 'Autobiographer', 'Yearling', 'Nice Answer', 'Commentator', 'Informed']",Ed Grimm,392,2019-02-04 06:49:15.093,2022-02-06 20:48:31.897,7,53,0
2101.0,0.0,0.0,0.0,0,1,,Susan Foster,1,2019-02-06 16:22:33.093,2019-02-06 16:22:33.093,1,0,0
2104.0,0.1429,0.2857,1.0,2,2,['Teacher'],Elizabeth Cox,17,2019-02-08 03:38:29.120,2019-02-08 13:30:42.943,1,0,0
2115.0,0.1429,0.1429,2.0,2,1,['Teacher'],Mark Haferkamp,121,2019-02-12 15:18:39.633,2020-01-07 09:09:17.063,0,0,0
2121.0,0.5683,2.2731,2.75,11,4,"['Teacher', 'Editor', 'Supporter', 'Necromancer', 'Revival', 'Revival']",cacodaemonia,134,2019-02-15 23:27:24.380,2019-05-21 12:24:19.433,3,1,0
2149.0,0.1176,0.1176,2.0,2,1,"['Teacher', 'Student', 'Editor', 'Supporter', 'Scholar', 'Yearling']",gr68,223,2019-03-06 13:54:31.877,2022-09-07 13:30:58.887,4,3,0
2153.0,0.2857,0.2857,4.0,4,1,"['Teacher', 'Supporter']",Organic,141,2019-03-08 14:05:32.743,2019-03-13 12:14:28.500,0,1,0
2178.0,0.5261,1.5782,9.6667,29,3,"['Teacher', 'Editor', 'Supporter', 'Autobiographer', 'Yearling', 'Yearling', 'Nice Answer', 'Informed']",Manuki,406,2019-03-19 18:07:32.617,2023-06-05 20:59:38.287,1,18,0
2185.0,0.1538,0.1538,2.0,2,1,"['Teacher', 'Student', 'Editor', 'Supporter', 'Autobiographer', 'Scholar', 'Yearling']",Negar Rezaei Nejad,299,2019-03-21 18:55:06.020,2022-01-04 10:30:47.777,3,1,0
2202.0,0.0526,0.0526,1.0,1,1,['Teacher'],Tad Jones,11,2019-04-03 20:54:19.637,2022-09-14 04:01:01.587,2,0,0
2214.0,0.75,1.5,5.5,11,2,"['Teacher', 'Editor', 'Supporter', 'Autobiographer', 'Excavator']",bernard paulus,133,2019-04-08 13:46:37.847,2021-12-20 14:37:42.487,1,51,0
2216.0,1.0,1.0,8.0,8,1,['Teacher'],Anonym,89,2019-04-09 10:30:46.577,2022-10-17 10:09:17.023,1,0,0
2223.0,0.6641,3.3203,4.8,24,5,"['Teacher', 'Editor', 'Supporter', 'Critic', 'Citizen Patrol', 'Autobiographer', 'Yearling', 'Yearling', 'Caucus']",MlleMei,401,2019-04-11 07:44:57.943,2021-08-03 12:29:39.577,5,40,3
2236.0,0.0185,0.0185,1.0,1,1,['Teacher'],NEIL,11,2019-04-18 19:08:23.167,2019-05-18 22:08:08.777,0,0,0
2244.0,0.2169,0.6508,1.6667,5,3,"['Teacher', 'Supporter']",Eksplodo,51,2019-04-23 23:32:01.327,2020-01-20 16:52:01.053,0,8,0
3271.0,0.0312,0.0312,1.0,1,1,['Teacher'],Emily,11,2019-05-10 03:38:45.610,2019-05-10 03:38:45.610,0,0,0
3283.0,0.7037,2.1111,4.0,12,3,"['Teacher', 'Editor', 'Supporter', 'Autobiographer', 'Yearling', 'Necromancer', 'Revival']",Cameron Brick,236,2019-05-17 08:56:31.723,2020-08-26 08:42:05.897,2,3,0
3303.0,0.6,0.6,3.0,3,1,['Teacher'],firepetal,31,2019-06-06 16:44:40.650,2019-06-21 10:50:38.910,0,0,0
3311.0,0.7326,11.721,3.6875,59,16,"['Teacher', 'Student', 'Editor', 'Supporter', 'Critic', 'Citizen Patrol', 'Autobiographer', 'Scholar', 'Yearling', 'Yearling', 'Yearling', 'Yearling', 'Self-Learner', 'Necromancer', 'Necromancer', 'Commentator', 'Revival', 'Revival', 'Revival', 'Revival', 'Revival', 'Caucus', 'Caucus', 'Constituent', 'Constituent', 'Custodian', 'Custodian', 'Informed']",istepaniuk,1018,2019-06-14 13:46:45.623,2023-08-21 11:26:46.970,9,57,14
3312.0,0.4188,0.8377,6.0,12,2,"['Teacher', 'Supporter', 'Yearling', 'Commentator', 'Informed']",Curious,268,2019-06-14 14:34:35.127,2021-03-22 15:52:32.117,0,1,0
3320.0,0.0,0.0,0.0,0,1,['Supporter'],Chillin',101,2019-06-21 09:27:17.353,2019-10-17 11:39:16.323,0,1,0
3333.0,1.0,2.0,3.0,6,2,"['Teacher', 'Editor', 'Supporter', 'Autobiographer']",Alessandro D'Amario,76,2019-06-28 13:40:29.797,2019-06-30 17:06:17.747,1,12,0
3362.0,0.0,0.0,0.0,0,1,['Autobiographer'],shabunc,101,2019-07-20 18:04:08.310,2019-07-20 18:40:50.127,1,0,0
3363.0,0.5682,1.1364,2.5,5,2,"['Teacher', 'Student', 'Supporter', 'Autobiographer', 'Scholar', 'Yearling']",William Pennanti,207,2019-07-23 17:36:09.533,2021-04-09 21:10:27.450,0,4,0
3369.0,0.2273,0.2273,5.0,5,1,"['Teacher', 'Autobiographer']",Rajat Pundir,51,2019-07-30 12:09:57.670,2021-09-10 04:03:27.667,0,0,0
3385.0,0.0,0.0,0.0,0,1,,Taniyah Stevens,1,2019-08-07 02:57:09.333,2019-08-16 00:56:02.327,0,0,0
3400.0,0.3333,0.3333,2.0,2,1,"['Teacher', 'Editor']",Code Gold,21,2019-08-18 18:15:47.193,2019-09-03 06:00:22.480,0,0,0
3404.0,0.0,0.0,0.0,0,1,,Anonymous,1,2019-08-20 16:49:23.450,2019-08-20 16:49:23.450,0,0,0
3405.0,0.0,0.0,0.0,0,1,['Supporter'],jrw32982,101,2019-08-21 15:45:10.363,2024-02-21 19:46:44.380,1,2,0
3414.0,0.7222,1.4444,5.0,10,2,"['Teacher', 'Student', 'Editor', 'Supporter', 'Autobiographer', 'Scholar', 'Yearling', 'Self-Learner']",QWriter,281,2019-08-27 17:17:54.650,2019-09-18 20:56:53.397,3,1,0
3424.0,0.4404,7.4861,1.9412,33,17,"['Teacher', 'Student', 'Editor', 'Organizer', 'Supporter', 'Critic', 'Citizen Patrol', 'Autobiographer', 'Yearling', 'Yearling', 'Yearling', 'Self-Learner', 'Commentator', 'Revival', 'Excavator', 'Caucus', 'Caucus', 'Custodian', 'Informed', 'Curious', 'Explainer']",adamaero,745,2019-09-03 19:25:01.093,2024-02-23 17:28:04.673,13,47,19
3441.0,0.25,0.25,1.0,1,1,['Teacher'],Emmy Vuong,11,2019-09-17 07:27:02.680,2019-09-17 07:27:02.680,0,0,0
3460.0,0.1429,0.1429,1.0,1,1,['Teacher'],Jungyeon Han,11,2019-09-27 18:24:48.760,2019-10-22 17:50:26.340,1,0,0
3461.0,1.0,1.0,5.0,5,1,"['Teacher', 'Student', 'Autobiographer', 'Scholar', 'Yearling', 'Self-Learner']",08915bfe02,251,2019-09-27 22:46:07.963,2021-08-24 10:11:06.923,1,0,0
3467.0,0.0455,0.0455,1.0,1,1,"['Teacher', 'Autobiographer']",Nikhil Kulkarni,111,2019-10-03 02:15:48.740,2024-02-23 11:03:26.183,1,0,0
3474.0,0.0455,0.0455,1.0,1,1,['Teacher'],Christopher Ferrin,11,2019-10-08 08:40:12.663,2019-10-08 08:40:12.663,0,0,0
3481.0,0.0,0.0,0.0,0,1,,Pound,1,2019-10-14 05:22:54.780,2019-10-14 05:22:54.780,0,0,0
3509.0,0.1333,0.1333,2.0,2,1,['Teacher'],RollingCompass,129,2019-10-29 21:45:39.713,2020-01-09 12:48:38.827,0,0,0
3523.0,0.3333,0.3333,5.0,5,1,"['Teacher', 'Editor', 'Supporter', 'Informed']",Mara,151,2019-11-05 13:23:57.177,2024-04-02 05:45:19.870,1,1,0
3567.0,0.0991,0.3965,1.75,7,4,"['Teacher', 'Student', 'Editor', 'Supporter', 'Scholar', 'Yearling', 'Commentator']",Colin Ellis,397,2019-11-27 16:39:38.380,2024-02-01 09:22:46.003,2,31,0
3570.0,0.0,0.0,0.0,0,2,"['Editor', 'Cleanup', 'Custodian']",Raven,11,2019-11-29 07:29:52.130,2019-11-30 11:14:54.977,4,0,0
3571.0,0.1818,0.1818,4.0,4,1,"['Teacher', 'Autobiographer']",priyanka,141,2019-12-02 16:14:40.517,2019-12-03 05:48:03.953,0,0,0
3580.0,1.0,2.0,5.0,10,2,"['Teacher', 'Student', 'Editor', 'Supporter', 'Autobiographer', 'Scholar', 'Yearling', 'Talkative', 'Informed']",skippy619,382,2019-12-08 02:54:34.193,2021-03-17 02:52:29.073,2,15,0
3587.0,1.0,1.0,2.0,2,1,['Teacher'],DMin,136,2019-12-12 07:37:37.523,2021-02-15 07:26:59.723,0,0,0
3588.0,1.0,1.0,1.0,1,1,['Teacher'],user238853,11,2019-12-12 17:38:33.017,2019-12-12 17:38:33.017,0,0,0
3623.0,0.0526,0.0526,1.0,1,1,"['Teacher', 'Editor', 'Informed']",tlearley,11,2020-01-11 18:54:57.407,2020-02-16 00:34:57.220,0,0,0
3629.0,0.0,0.0,0.0,0,1,"['Supporter', 'Autobiographer']",pipedreambomb,109,2020-01-18 05:48:29.200,2020-01-18 05:48:29.200,1,1,0
3640.0,1.0,1.0,1.0,1,1,['Teacher'],Yoneo12,11,2020-01-23 13:28:13.693,2020-01-23 13:28:13.693,1,0,0
3644.0,0.3333,0.3333,2.0,2,1,"['Teacher', 'Autobiographer']",Egydio Pacheco,29,2020-01-27 06:18:49.553,2021-01-12 00:31:13.247,1,0,0
3651.0,0.25,0.25,2.0,2,1,"['Teacher', 'Student', 'Editor', 'Supporter', 'Yearling']",Not_Einstein,251,2020-01-30 17:45:20.820,2024-04-06 14:42:20.810,2,1,0
3656.0,0.0,0.0,0.0,0,1,,Sharon o simpson,1,2020-02-03 02:01:08.113,2020-02-03 02:01:08.113,0,0,0
3664.0,0.0058,0.0058,1.0,1,1,['Teacher'],Sam Bateman,11,2020-02-10 23:14:34.297,2020-02-10 23:14:34.297,1,0,0
3680.0,1.0,1.0,2.0,2,1,"['Teacher', 'Autobiographer']",C. Fugate,121,2020-02-27 00:48:56.650,2020-09-21 02:04:07.860,1,0,0
3712.0,0.1429,0.2857,1.0,2,2,"['Teacher', 'Editor', 'Custodian']",Guille Canale,21,2020-03-21 04:06:46.610,2021-06-15 03:45:34.430,1,0,0
3714.0,0.0312,0.0312,1.0,1,1,['Teacher'],unknown,11,2020-03-23 18:46:52.797,2020-03-23 18:46:52.797,0,0,0
3735.0,0.5164,2.5818,2.8,14,5,"['Teacher', 'Autobiographer', 'Revival', 'Revival', 'Informed']",Dietitian Jenn,149,2020-04-08 00:44:26.543,2020-06-22 04:16:24.657,7,0,0
3738.0,0.5,1.0,3.0,6,2,"['Teacher', 'Editor', 'Supporter', 'Critic', 'Citizen Patrol', 'Commentator']",jsotola,175,2020-04-11 22:34:54.923,2024-01-18 00:29:00.053,1,3,11
3740.0,0.0455,0.0455,1.0,1,1,['Teacher'],Phideaux,11,2020-04-12 17:26:24.813,2020-04-15 15:53:14.977,0,0,0
3743.0,0.6818,2.0455,2.3333,7,3,"['Teacher', 'Student', 'Supporter', 'Revival', 'Revival']",Mo_delfren,176,2020-04-13 13:05:14.570,2020-05-19 03:27:41.477,0,9,0
3759.0,0.7179,5.025,3.2857,23,7,"['Teacher', 'Supporter', 'Critic', 'Autobiographer', 'Yearling', 'Necromancer', 'Revival', 'Revival', 'Revival', 'Caucus', 'Constituent', 'Informed']",ronak,345,2020-04-22 20:14:34.857,2022-02-23 19:16:25.110,3,2,2
3764.0,0.1,0.2,0.5,1,2,"['Teacher', 'Autobiographer']",DharmaTurtle,111,2020-04-25 20:51:21.883,2020-04-26 01:08:16.740,0,0,0
3787.0,0.0,0.0,0.0,0,1,,arushipal38,1,2020-05-11 13:10:22.997,2020-06-03 11:27:06.780,0,0,0
3794.0,0.1333,0.5333,0.75,3,4,"['Teacher', 'Supporter', 'Autobiographer']",Neil Meyer,131,2020-05-18 06:42:23.023,2022-01-02 18:25:24.307,0,2,0
3805.0,0.3333,0.3333,1.0,1,1,['Teacher'],Akshay Saxena,11,2020-05-22 22:33:43.213,2020-05-22 22:33:43.213,0,0,0
3825.0,1.0,1.0,1.0,1,1,"['Teacher', 'Supporter', 'Informed']",Aci,119,2020-06-04 13:25:22.017,2020-06-06 22:30:47.900,2,1,0
3845.0,0.9333,2.8,4.6667,14,3,"['Teacher', 'Supporter', 'Critic', 'Autobiographer', 'Yearling', 'Revival', 'Informed']",Eleanor Sims,271,2020-06-15 14:35:29.617,2020-06-19 10:51:28.130,5,4,1
3851.0,0.0,0.0,0.0,0,1,"['Supporter', 'Autobiographer']",Vinko Vrsalovic,101,2020-06-17 16:00:46.897,2020-09-25 15:42:53.230,0,3,0
3861.0,1.0,2.0,3.5,7,2,"['Teacher', 'Supporter', 'Revival']",J007B,186,2020-06-24 12:14:21.780,2024-01-16 20:16:42.310,0,1,0
3864.0,0.5238,0.5238,11.0,11,1,"['Teacher', 'Student', 'Supporter', 'Citizen Patrol', 'Yearling', 'Self-Learner', 'Nice Answer', 'Popular Question', 'Notable Question', 'Informed']",Bonnibel,291,2020-06-26 08:59:23.550,2020-11-26 12:14:49.523,3,4,0
3874.0,0.75,1.5,3.5,7,2,"['Teacher', 'Student', 'Editor', 'Supporter', 'Critic', 'Citizen Patrol', 'Scholar', 'Yearling', 'Disciplined', 'Promoter', 'Benefactor', 'Enthusiast', 'Fanatic', 'Suffrage', 'Revival', 'Vox Populi', 'Caucus', 'Caucus', 'Constituent', 'Constituent', 'Informed']",Severus Snape,300,2020-07-03 14:25:21.320,2023-04-18 09:30:08.877,2,58,1
3893.0,0.0,0.0,0.0,0,1,,Tainara4002,9,2020-07-14 16:17:49.480,2020-07-14 16:17:49.480,1,0,0
3897.0,0.0,0.0,0.0,0,1,,Ben,1,2020-07-19 23:11:41.220,2020-07-19 23:11:41.220,0,0,0
3908.0,0.0,0.0,0.0,0,1,"['Editor', 'Supporter']",anandogc,101,2020-07-24 11:04:54.913,2022-05-14 11:20:07.790,0,1,0
3919.0,0.5,0.5,3.0,3,1,"['Teacher', 'Student', 'Editor', 'Supporter', 'Critic', 'Autobiographer', 'Yearling', 'Revival', 'Custodian']",Diane M,191,2020-08-06 14:07:20.410,2021-10-03 17:08:32.670,0,4,0
3934.0,0.2857,0.2857,2.0,2,1,['Teacher'],blacksmith37,121,2020-08-11 00:00:31.680,2022-04-27 14:56:57.367,0,0,0
3955.0,0.1667,0.1667,1.0,1,1,"['Teacher', 'Informed']",Mobasir hassan,11,2020-08-25 19:39:05.240,2020-10-10 21:19:53.980,0,0,0
3970.0,0.2143,0.2143,3.0,3,1,['Teacher'],Archie,31,2020-09-06 06:51:33.747,2020-09-06 06:51:33.747,0,0,0
3993.0,0.0,0.0,0.0,0,1,['Editor'],BruceMar32,1,2020-09-24 10:23:58.237,2020-09-25 03:56:25.617,0,0,0
4019.0,0.7727,3.0909,2.25,9,4,"['Teacher', 'Student', 'Supporter', 'Autobiographer', 'Revival', 'Revival']",Monkey,161,2020-10-13 09:31:51.600,2021-02-15 19:07:27.363,2,4,0
4031.0,0.3896,11.687,2.3333,70,30,"['Teacher', 'Student', 'Editor', 'Organizer', 'Supporter', 'Critic', 'Citizen Patrol', 'Autobiographer', 'Scholar', 'Yearling', 'Yearling', 'Yearling', 'Self-Learner', 'Necromancer', 'Commentator', 'Civic Duty', 'Investor', 'Promoter', 'Benefactor', 'Altruist', 'Tag Editor', 'Suffrage', 'Excavator', 'Caucus', 'Caucus', 'Custodian', 'Custodian', 'Informed', 'Curious']",Michael Altfield,974,2020-10-23 22:45:08.987,2024-03-26 03:31:27.573,14,286,14
4044.0,0.0357,0.0357,1.0,1,1,['Teacher'],Divizna,11,2020-10-30 22:53:08.397,2020-10-31 02:09:38.020,0,0,0
4055.0,0.2143,0.2143,3.0,3,1,['Teacher'],Jack Young,31,2020-11-08 03:24:33.313,2020-11-08 03:24:33.313,0,0,0
4075.0,0.2857,0.2857,6.0,6,1,"['Teacher', 'Necromancer']",Becky,61,2020-11-19 22:27:16.033,2020-11-19 22:27:16.033,0,0,0
4096.0,1.0,1.0,1.0,1,1,['Teacher'],Speedjunkie,11,2020-11-29 06:44:31.337,2021-04-10 21:08:33.100,1,0,0
4121.0,0.8333,1.6667,3.0,6,2,"['Teacher', 'Supporter', 'Revival']",user14795459,161,2020-12-10 13:36:52.123,2024-01-27 00:31:57.327,2,11,0
4131.0,0.1818,0.1818,4.0,4,1,['Teacher'],Rowan Blackwell-Cronie,41,2020-12-15 17:28:41.623,2020-12-28 12:48:11.797,1,0,0
4165.0,0.5,0.5,2.0,2,1,"['Teacher', 'Citizen Patrol']",Galactic,121,2020-12-28 09:30:36.190,2021-07-05 21:04:52.213,0,0,0
4313.0,0.25,0.25,2.0,2,1,"['Teacher', 'Revival', 'Informed']",Vegan traveler,21,2021-02-14 17:05:57.997,2021-02-14 17:05:57.997,0,0,0
4323.0,1.0,1.0,3.0,3,1,"['Teacher', 'Revival']",Casey Jayne,31,2021-02-19 03:41:09.127,2021-02-19 03:41:09.127,0,0,0
4431.0,0.4786,1.9143,3.25,13,4,"['Teacher', 'Editor', 'Supporter', 'Critic', 'Citizen Patrol', 'Yearling', 'Commentator', 'Investor', 'Altruist', 'Enthusiast', 'Revival', 'Informed']",A. B.,216,2021-03-16 02:30:02.037,2023-02-16 08:20:29.187,2,90,3
4507.0,0.1429,0.1429,1.0,1,1,['Teacher'],Nathan Sholes Gates,11,2021-04-03 02:46:35.033,2021-04-03 02:46:35.033,0,0,0
4533.0,0.25,0.25,2.0,2,1,"['Teacher', 'Editor']",stanri,121,2021-04-08 10:05:08.157,2024-03-12 08:57:07.503,0,0,0
4583.0,0.125,0.125,2.0,2,1,"['Teacher', 'Editor', 'Autobiographer']",user2120,21,2021-04-22 13:04:52.900,2023-02-01 14:56:57.317,0,0,0
4665.0,0.037,0.037,2.0,2,1,['Teacher'],Amrita Gupta,21,2021-05-17 15:07:12.107,2021-05-17 15:07:12.107,0,0,0
4669.0,0.578,2.8899,5.4,27,5,"['Teacher', 'Editor', 'Supporter', 'Autobiographer', 'Yearling', 'Yearling', 'Necromancer', 'Revival', 'Informed']",Petrica Butusina,466,2021-05-18 12:50:22.463,2021-09-22 15:23:43.407,1,2,0
4670.0,0.0,0.0,0.0,0,1,"['Teacher', 'Student', 'Editor', 'Supporter', 'Scholar', 'Informed']",Lilly,103,2021-05-18 16:06:16.747,2021-05-19 09:55:15.483,1,2,0
4684.0,0.5,0.5,6.0,6,1,"['Teacher', 'Student', 'Revival', 'Custodian']",school student in uni,156,2021-05-25 16:14:48.660,2023-03-06 12:55:16.160,2,0,0
4710.0,0.0903,0.3611,0.5,2,4,['Teacher'],Sothis,27,2021-05-29 08:57:05.873,2021-05-29 10:59:58.323,2,0,0
4712.0,0.0185,0.0185,1.0,1,1,['Teacher'],Sothis,11,2021-05-29 21:52:03.987,2021-05-30 09:59:04.923,0,0,0
4721.0,0.65,1.3,6.0,12,2,"['Teacher', 'Editor', 'Supporter', 'Yearling', 'Revival', 'Caucus', 'Constituent']",T.C. Proctor,223,2021-06-03 12:22:17.870,2023-12-27 18:39:07.227,0,1,0
4733.0,0.5729,2.2917,4.0,16,4,"['Teacher', 'Supporter', 'Critic', 'Citizen Patrol', 'Autobiographer', 'Yearling', 'Revival', 'Informed']",Juliana Karasawa Souza,274,2021-06-08 14:08:18.470,2021-11-18 12:33:17.250,1,12,2
4799.0,0.4693,1.4079,3.6667,11,3,"['Teacher', 'Supporter', 'Yearling']",Wood,341,2021-06-19 16:18:42.590,2023-08-25 10:58:50.737,0,3,0
4805.0,1.0,1.0,2.0,2,1,"['Teacher', 'Supporter']",Zeus,121,2021-06-23 02:36:10.157,2023-11-13 07:21:26.617,0,27,0
4833.0,0.3742,3.3681,2.2222,20,9,"['Teacher', 'Editor', 'Supporter', 'Critic', 'Autobiographer', 'Yearling', 'Necromancer', 'Revival', 'Revival', 'Caucus', 'Constituent', 'Custodian']",Vijay Prema,309,2021-06-28 09:36:55.940,2023-03-19 07:13:42.057,3,9,0
4843.0,0.0,0.0,0.0,0,1,['Editor'],Marijana,1,2021-07-05 10:07:10.407,2021-07-05 10:57:53.197,0,0,0
4877.0,0.4583,1.375,2.0,6,3,"['Teacher', 'Student', 'Editor', 'Supporter', 'Autobiographer', 'Scholar', 'Commentator', 'Promoter', 'Benefactor', 'Informed']",Alek Fr√∂hlich,163,2021-07-18 19:00:20.107,2023-06-09 20:52:13.040,1,13,0
4918.0,0.75,0.75,6.0,6,1,"['Teacher', 'Editor', 'Supporter', 'Autobiographer', 'Yearling']",Mavaddat Javid,226,2021-07-27 19:06:53.087,2022-07-28 00:11:59.537,1,1,0
5001.0,0.2394,3.5913,1.2667,19,15,"['Teacher', 'Student', 'Editor', 'Supporter', 'Critic', 'Citizen Patrol', 'Autobiographer', 'Yearling', 'Commentator', 'Enthusiast', 'Revival', 'Caucus', 'Constituent']",C.S.Cameron,288,2021-08-18 10:34:48.617,2024-04-06 03:27:32.627,0,14,5
5006.0,0.2,0.2,1.0,1,1,['Teacher'],GMC,11,2021-08-25 16:44:08.500,2021-08-25 16:44:08.500,0,0,0
5029.0,0.375,0.75,1.0,2,2,['Teacher'],Catt aka Playful,21,2021-09-05 16:14:26.243,2021-09-05 17:32:16.667,0,0,0
5082.0,0.0,0.0,0.0,0,1,,Fausto Vezzaro,109,2021-10-03 22:53:33.327,2021-10-06 18:48:05.487,0,0,0
5149.0,0.1905,0.1905,4.0,4,1,['Teacher'],Mils,41,2021-10-29 20:45:40.970,2021-10-29 20:45:40.970,0,0,0
5212.0,0.246,0.7381,1.0,3,3,"['Teacher', 'Editor', 'Supporter', 'Autobiographer']",Polyhat,131,2021-11-28 12:50:53.667,2022-03-28 03:21:57.423,0,1,0
5268.0,0.1429,0.1429,1.0,1,1,['Teacher'],lisa,11,2022-01-04 14:48:12.027,2022-01-04 14:48:12.027,0,0,0
5272.0,0.8333,1.6667,4.5,9,2,"['Teacher', 'Supporter', 'Autobiographer']",etgriffiths,191,2022-01-06 08:39:07.340,2023-09-29 15:18:16.553,0,1,0
5290.0,0.0,0.0,0.0,0,1,['Teacher'],Ann,9,2022-01-20 10:49:08.417,2022-01-20 12:23:55.760,0,0,0
5352.0,0.5,0.5,2.0,2,1,"['Teacher', 'Student', 'Supporter', 'Citizen Patrol', 'Autobiographer', 'Scholar', 'Caucus', 'Constituent', 'Custodian', 'Informed']",Tom,181,2022-02-10 09:39:32.293,2022-12-15 15:46:24.710,0,4,0
5364.0,0.0,0.0,0.0,0,1,,Ian Wilson,1,2022-02-16 02:11:34.173,2022-02-16 02:11:34.173,0,0,0
5412.0,0.3,0.3,3.0,3,1,"['Teacher', 'Supporter', 'Autobiographer']",ekAntika,131,2022-03-09 17:54:18.577,2023-08-06 14:22:29.163,1,1,0
5413.0,0.3333,0.3333,4.0,4,1,['Teacher'],Tof uForbrains,41,2022-03-10 04:39:47.987,2022-04-22 23:01:34.740,0,0,0
5457.0,1.0,1.0,3.0,3,1,"['Teacher', 'Editor', 'Supporter', 'Critic', 'Autobiographer', 'Revival', 'Informed']",Monstar,146,2022-04-07 23:15:12.967,2023-01-21 12:32:22.787,1,9,0
5471.0,0.0256,0.0256,1.0,1,1,['Teacher'],FullStack Alex,111,2022-04-19 05:02:15.393,2022-12-25 05:13:29.327,0,0,0
5485.0,1.0,2.0,2.0,4,2,"['Teacher', 'Revival']",Julianne Wilder,41,2022-04-25 20:20:19.007,2022-06-22 00:10:01.000,9,0,0
5504.0,0.5179,1.0357,1.0,2,2,"['Teacher', 'Student', 'Supporter', 'Necromancer', 'Necromancer', 'Revival']",Genevieve,161,2022-05-04 19:38:13.797,2022-06-27 15:53:24.863,7,2,0
5537.0,0.0,0.0,0.0,0,1,,Janell,9,2022-05-26 20:16:06.853,2022-05-31 18:03:43.233,1,0,0
5569.0,1.0,3.0,2.3333,7,3,"['Teacher', 'Editor', 'Supporter', 'Autobiographer', 'Yearling']",Timothy Alexis Vass,201,2022-06-19 03:16:54.300,2022-09-09 07:21:59.890,0,1,0
5573.0,0.2,0.2,2.0,2,1,"['Teacher', 'Supporter', 'Autobiographer']",Ian Campbell,121,2022-06-24 17:44:49.097,2024-03-18 15:25:38.163,0,3,0
5588.0,0.6667,0.6667,6.0,6,1,['Teacher'],hangyas,61,2022-07-13 18:28:47.273,2022-10-13 07:20:11.990,0,0,0
5592.0,0.0,0.0,0.0,0,1,"['Autobiographer', 'Informed']",metalSlime,1,2022-07-14 20:25:21.180,2023-03-19 17:33:56.900,0,0,0
5599.0,0.25,0.25,1.0,1,1,"['Teacher', 'Autobiographer']",PronetAI,11,2022-07-18 04:15:55.650,2023-04-08 23:20:54.030,0,0,0
5721.0,0.1214,0.2429,1.5,3,2,"['Teacher', 'Student', 'Autobiographer']",dclxvispqr,51,2022-09-15 01:45:50.647,2022-10-18 21:21:14.790,0,0,0
5786.0,0.1429,0.1429,1.0,1,1,"['Teacher', 'Student', 'Editor', 'Autobiographer', 'Popular Question', 'Custodian']",The Testosterone Fanatic,29,2022-10-09 07:49:22.867,2024-04-03 14:29:42.767,0,0,0
5802.0,0.1667,0.1667,3.0,3,1,['Teacher'],EarnieG,31,2022-10-19 15:45:32.220,2023-10-10 19:08:21.687,0,0,0
5808.0,0.0833,0.1667,1.0,2,2,"['Teacher', 'Student', 'Editor', 'Supporter', 'Autobiographer', 'Scholar', 'Informed']",youreawizardcarrie,183,2022-10-20 15:14:17.640,2022-12-23 16:15:50.120,0,5,0
5842.0,1.0,1.0,1.0,1,1,['Teacher'],Robin de Brea,11,2022-10-30 07:56:27.960,2022-10-30 07:56:27.960,0,0,0
5862.0,0.5,0.5,1.0,1,1,"['Teacher', 'Supporter', 'Autobiographer', 'Custodian']",stancallewier,11,2022-11-08 21:00:28.817,2023-12-04 15:43:44.663,0,0,0
5876.0,0.5,0.5,1.0,1,1,"['Teacher', 'Editor']",Shivji,21,2022-11-16 11:07:51.800,2022-11-17 14:39:57.110,0,0,0
5887.0,0.625,0.625,5.0,5,1,"['Teacher', 'Editor']",User-o-resU,151,2022-11-22 13:07:47.410,2022-11-27 18:36:55.303,0,0,0
5895.0,0.0,0.0,0.0,0,2,"['Editor', 'Supporter', 'Autobiographer']",ool,97,2022-11-29 12:29:13.473,2024-01-16 12:55:25.593,1,2,0
5910.0,1.0,1.0,5.0,5,1,"['Teacher', 'Student', 'Editor', 'Supporter', 'Scholar']",Mary Donald,143,2022-12-09 13:35:36.070,2022-12-11 18:40:57.360,1,2,0
5939.0,1.0,1.0,3.0,3,1,"['Teacher', 'Student', 'Editor', 'Self-Learner', 'Informed']",truthfulriver,71,2022-12-24 03:26:21.177,2023-10-26 19:33:38.060,1,0,0
6004.0,1.0,1.0,2.0,2,1,['Teacher'],Eonema,121,2023-02-06 02:33:08.067,2024-03-22 19:16:35.770,0,0,0
6109.0,0.0833,0.0833,1.0,1,1,"['Teacher', 'Editor', 'Supporter', 'Autobiographer']",ktm5124,111,2023-03-07 00:03:14.833,2023-12-27 20:37:45.023,0,1,0
6161.0,0.1667,0.1667,1.0,1,1,"['Teacher', 'Student', 'Supporter']",Samuel Muldoon,181,2023-04-05 20:38:34.830,2023-06-24 18:57:14.667,0,3,0
6210.0,0.0,0.0,0.0,0,1,,wkw,1,2023-05-06 19:34:06.140,2023-09-10 22:43:22.320,0,0,0
6250.0,0.7449,2.9798,3.25,13,4,"['Teacher', 'Student', 'Editor', 'Supporter', 'Autobiographer', 'Revival', 'Custodian']",Goldfishlaser,441,2023-05-26 01:44:27.257,2024-01-25 02:01:38.097,6,22,0
6259.0,0.0,0.0,0.0,0,1,"['Student', 'Supporter', 'Scholar']",elbarna,131,2023-06-02 19:57:03.530,2023-12-29 02:29:44.980,0,4,0
6348.0,1.0,1.0,2.0,2,1,['Teacher'],jef5,21,2023-07-14 19:03:24.450,2023-07-15 08:07:37.583,0,0,0
6424.0,0.0,0.0,0.0,0,1,,Steven Klein,101,2023-08-22 22:11:49.853,2023-08-24 22:53:33.530,0,0,0
6466.0,0.5417,3.25,1.0,6,6,"['Teacher', 'Editor', 'Supporter', 'Autobiographer', 'Revival']",CaroZ,169,2023-09-18 12:49:52.487,2024-03-13 20:30:07.027,1,3,0
6517.0,0.0,0.0,0.0,0,1,"['Student', 'Editor']",Yaakov Yitzchak ben Moshe,1,2023-10-06 18:08:30.330,2024-03-18 15:35:49.590,10,0,0
6624.0,0.0,0.0,0.0,0,1,,Elle Marshall,1,2023-11-07 20:31:41.027,2023-11-07 20:31:41.027,0,0,0
6626.0,0.25,0.25,2.0,2,1,"['Teacher', 'Supporter', 'Autobiographer']",Thiago Macedo,121,2023-11-09 03:35:19.467,2023-12-28 20:36:10.813,0,2,0
6751.0,1.0,1.0,1.0,1,1,"['Teacher', 'Editor', 'Autobiographer', 'Informed']",h_undatus,111,2024-02-24 23:42:41.193,2024-03-03 19:14:13.553,0,0,0
6784.0,0.1333,0.1333,2.0,2,1,"['Teacher', 'Student', 'Editor', 'Autobiographer']",Nelson,51,2024-03-20 07:01:46.087,2024-03-26 12:40:44.277,0,0,0
